EstacaoCodigo;NivelConsistencia;Data;TipoMedicaoChuvas;Maxima;Total;DiaMaxima;NumDiasDeChuva;MaximaStatus;TotalStatus;NumDiasDeChuvaStatus;TotalAnual;TotalAnualStatus;Chuva01;Chuva02;Chuva03;Chuva04;Chuva05;Chuva06;Chuva07;Chuva08;Chuva09;Chuva10;Chuva11;Chuva12;Chuva13;Chuva14;Chuva15;Chuva16;Chuva17;Chuva18;Chuva19;Chuva20;Chuva21;Chuva22;Chuva23;Chuva24;Chuva25;Chuva26;Chuva27;Chuva28;Chuva29;Chuva30;Chuva31;Chuva01Status;Chuva02Status;Chuva03Status;Chuva04Status;Chuva05Status;Chuva06Status;Chuva07Status;Chuva08Status;Chuva09Status;Chuva10Status;Chuva11Status;Chuva12Status;Chuva13Status;Chuva14Status;Chuva15Status;Chuva16Status;Chuva17Status;Chuva18Status;Chuva19Status;Chuva20Status;Chuva21Status;Chuva22Status;Chuva23Status;Chuva24Status;Chuva25Status;Chuva26Status;Chuva27Status;Chuva28Status;Chuva29Status;Chuva30Status;Chuva31Status
1547006;1;01/03/1990;1;"28,8";"90,3";15;9;1;1;0;;0;"10,0";"0,0";"0,0";"0,0";"0,0";"1,7";"0,0";"0,0";"0,0";"0,0";"0,0";"0,0";"0,0";"0,0";"28,8";"1,0";"0,0";"4,7";"3,3";"0,0";"0,0";"0,0";"14,1";"26,5";"0,0";"0,2";"0,0";"0,0";"0,0";"0,0";"0,0";1;1;1;1;1;1;1;1;1;1;1;1;1;1;1;1;1;1;1;1;1;1;1;1;1;1;1;1;1;1;1
1547006;1;01/02/1990;1;"31,4";"135,8";20;17;1;1;0;;0;"0,0";"0,0";"0,0";"0,0";"0,0";"0,0";"0,0";"3,8";"0,0";"0,0";"2,2";"5,9";"25,2";"13,0";"7,3";"3,0";"0,0";"13,7";"0,0";"31,4";"5,7";"0,3";"6,8";"1,8";"6,7";"1,2";"5,2";"2,6";;;;1;1;1;1;1;1;1;1;1;1;1;1;1;1;1;1;1;1;1;1;1;1;1;1;1;1;1;1;0;0;0
1547006;1;01/01/1990;1;"42,2";"139,8";8;11;1;1;0;;0;"7,4";"0,0";"25,2";"13,8";"16,2";"0,0";"0,7";"42,2";"8,5";"0,4";"0,0";"0,0";"0,0";"0,0";"0,0";"0,0";"0,0";"0,0";"0,0";"0,0";"0,0";"0,0";"0,0";"0,0";"0,0";"2,6";"0,0";"0,0";"20,7";"2,1";"0,0";1;1;1;1;1;1;1;1;1;1;1;1;1;1;1;1;1;1;1;1;1;1;1;1;1;1;1;1;1;1;1
1547006;1;01/12/1989;1;"95,7";"321,2";17;26;1;1;0;;0;"17,9";"10,0";"9,1";"0,4";"2,4";"4,9";"7,2";"10,0";"0,0";"5,2";"0,0";"0,4";"1,6";"0,3";"1,8";"18,3";"95,7";"15,6";"42,6";"10,9";"12,4";"0,0";"3,2";"20,7";"0,0";"12,2";"0,0";"4,2";"6,4";"0,6";"7,2";1;1;1;1;1;1;1;1;1;1;1;1;1;1;1;1;1;1;1;1;1;1;1;1;1;1;1;1;1;1;1
1547006;1;01/11/1989;1;"34,4";"210,4";3;16;1;1;0;;0;"0,0";"0,0";"34,4";"33,7";"0,3";"0,0";"0,0";"0,0";"0,0";"10,0";"12,1";"5,1";"0,0";"2,2";"3,7";"27,6";"26,4";"3,4";"6,9";"0,0";"0,0";"0,0";"0,0";"0,0";"0,0";"4,2";"16,0";"3,5";"0,0";"20,9";;1;1;1;1;1;1;1;1;1;1;1;1;1;1;1;1;1;1;1;1;1;1;1;1;1;1;1;1;1;1;0
1547006;1;01/10/1989;1;"17,8";"73,5";17;8;1;1;0;;0;"0,0";"0,0";"0,0";"0,0";"0,0";"0,0";"0,0";"0,0";"0,0";"0,0";"0,0";"0,0";"0,0";"0,0";"0,0";"0,0";"17,8";"10,3";"0,0";"12,2";"0,0";"13,1";"3,0";"0,0";"0,0";"0,0";"5,7";"6,6";"4,8";"0,0";"0,0";1;1;1;1;1;1;1;1;1;1;1;1;1;1;1;1;1;1;1;1;1;1;1;1;1;1;1;1;1;1;1
1547006;1;01/09/1989;1;"0,0";"0,0";1;;1;1;0;;0;"0,0";"0,0";"0,0";"0,0";"0,0";"0,0";"0,0";"0,0";"0,0";"0,0";"0,0";"0,0";"0,0";"0,0";"0,0";"0,0";"0,0";"0,0";"0,0";"0,0";"0,0";"0,0";"0,0";"0,0";"0,0";"0,0";"0,0";"0,0";"0,0";"0,0";;1;1;1;1;1;1;1;1;1;1;1;1;1;1;1;1;1;1;1;1;1;1;1;1;1;1;1;1;1;1;0
1547006;1;01/08/1989;1;"0,0";"0,0";1;;1;1;0;;0;"0,0";"0,0";"0,0";"0,0";"0,0";"0,0";"0,0";"0,0";"0,0";"0,0";"0,0";"0,0";"0,0";"0,0";"0,0";"0,0";"0,0";"0,0";"0,0";"0,0";"0,0";"0,0";"0,0";"0,0";"0,0";"0,0";"0,0";"0,0";"0,0";"0,0";"0,0";1;1;1;1;1;1;1;1;1;1;1;1;1;1;1;1;1;1;1;1;1;1;1;1;1;1;1;1;1;1;1
1547006;1;01/07/1989;1;"0,0";"0,0";1;;1;1;0;;0;"0,0";"0,0";"0,0";"0,0";"0,0";"0,0";"0,0";"0,0";"0,0";"0,0";"0,0";"0,0";"0,0";"0,0";"0,0";"0,0";"0,0";"0,0";"0,0";"0,0";"0,0";"0,0";"0,0";"0,0";"0,0";"0,0";"0,0";"0,0";"0,0";"0,0";"0,0";1;1;1;1;1;1;1;1;1;1;1;1;1;1;1;1;1;1;1;1;1;1;1;1;1;1;1;1;1;1;1
1547006;1;01/06/1989;1;"24,2";"70,7";22;9;1;1;0;;0;"0,0";"0,0";"0,0";"0,0";"0,0";"0,0";"0,0";"0,0";"0,0";"2,3";"0,0";"2,2";"0,0";"0,9";"0,0";"0,0";"0,0";"0,0";"0,0";"0,0";"0,0";"24,2";"12,0";"12,5";"15,5";"0,8";"0,0";"0,3";"0,0";"0,0";;1;1;1;1;1;1;1;1;1;1;1;1;1;1;1;1;1;1;1;1;1;1;1;1;1;1;1;1;1;1;0
1547006;1;01/05/1989;1;"0,0";"0,0";1;;1;1;0;;0;"0,0";"0,0";"0,0";"0,0";"0,0";"0,0";"0,0";"0,0";"0,0";"0,0";"0,0";"0,0";"0,0";"0,0";"0,0";"0,0";"0,0";"0,0";"0,0";"0,0";"0,0";"0,0";"0,0";"0,0";"0,0";"0,0";"0,0";"0,0";"0,0";"0,0";"0,0";1;1;1;1;1;1;1;1;1;1;1;1;1;1;1;1;1;1;1;1;1;1;1;1;1;1;1;1;1;1;1
1547006;1;01/04/1989;1;"11,7";"31,0";12;8;1;1;0;;0;"0,0";"0,0";"0,0";"0,0";"0,0";"0,0";"0,0";"0,0";"0,0";"0,0";"0,0";"11,7";"0,4";"0,0";"0,0";"0,0";"0,0";"0,0";"0,3";"0,0";"2,2";"3,1";"4,9";"0,2";"0,0";"0,0";"0,0";"0,0";"8,2";"0,0";;1;1;1;1;1;1;1;1;1;1;1;1;1;1;1;1;1;1;1;1;1;1;1;1;1;1;1;1;1;1;0
1547006;1;01/08/1988;1;"0,0";"0,0";1;;1;1;0;;0;"0,0";"0,0";"0,0";"0,0";"0,0";"0,0";"0,0";"0,0";"0,0";"0,0";"0,0";"0,0";"0,0";"0,0";"0,0";"0,0";"0,0";"0,0";"0,0";"0,0";"0,0";"0,0";"0,0";"0,0";"0,0";"0,0";"0,0";"0,0";"0,0";"0,0";"0,0";1;1;1;1;1;1;1;1;1;1;1;1;1;1;1;1;1;1;1;1;1;1;1;1;1;1;1;1;1;1;1
1547006;1;01/07/1988;1;"0,0";"0,0";1;;1;1;0;;0;"0,0";"0,0";"0,0";"0,0";"0,0";"0,0";"0,0";"0,0";"0,0";"0,0";"0,0";"0,0";"0,0";"0,0";"0,0";"0,0";"0,0";"0,0";"0,0";"0,0";"0,0";"0,0";"0,0";"0,0";"0,0";"0,0";"0,0";"0,0";"0,0";"0,0";"0,0";1;1;1;1;1;1;1;1;1;1;1;1;1;1;1;1;1;1;1;1;1;1;1;1;1;1;1;1;1;1;1
1547006;1;01/06/1988;1;;"11,0";;;0;1;0;;0;;;;;;;;;;;;;;;;;;;;;;;;;;;;;;;;0;0;0;0;0;0;0;0;0;0;0;0;0;0;0;0;0;0;0;0;0;0;0;0;0;0;0;0;0;0;0
1547006;1;01/05/1988;1;;"16,5";;;0;1;0;;0;;;;;;;;;;;;;;;;;;;;;;;;;;;;;;;;0;0;0;0;0;0;0;0;0;0;0;0;0;0;0;0;0;0;0;0;0;0;0;0;0;0;0;0;0;0;0
1547006;1;01/04/1988;1;;"182,0";;;0;1;0;;0;;;;;;;;;;;;;;;;;;;;;;;;;;;;;;;;0;0;0;0;0;0;0;0;0;0;0;0;0;0;0;0;0;0;0;0;0;0;0;0;0;0;0;0;0;0;0
1547006;1;01/03/1988;1;;"264,3";;;0;1;0;;0;;;;;;;;;;;;;;;;;;;;;;;;;;;;;;;;0;0;0;0;0;0;0;0;0;0;0;0;0;0;0;0;0;0;0;0;0;0;0;0;0;0;0;0;0;0;0
1547006;1;01/02/1988;1;;"215,4";;;0;1;0;;0;;;;;;;;;;;;;;;;;;;;;;;;;;;;;;;;0;0;0;0;0;0;0;0;0;0;0;0;0;0;0;0;0;0;0;0;0;0;0;0;0;0;0;0;0;0;0
1547006;1;01/01/1988;1;;"106,9";;;0;1;0;;0;;;;;;;;;;;;;;;;;;;;;;;;;;;;;;;;0;0;0;0;0;0;0;0;0;0;0;0;0;0;0;0;0;0;0;0;0;0;0;0;0;0;0;0;0;0;0
1547006;1;01/12/1987;1;;"342,3";;;0;1;0;"1322,7";1;;;;;;;;;;;;;;;;;;;;;;;;;;;;;;;;0;0;0;0;0;0;0;0;0;0;0;0;0;0;0;0;0;0;0;0;0;0;0;0;0;0;0;0;0;0;0
1547006;1;01/11/1987;1;;"231,0";;;0;1;0;"1322,7";1;;;;;;;;;;;;;;;;;;;;;;;;;;;;;;;;0;0;0;0;0;0;0;0;0;0;0;0;0;0;0;0;0;0;0;0;0;0;0;0;0;0;0;0;0;0;0
1547006;1;01/10/1987;1;;"67,6";;;0;1;0;"1322,7";1;;;;;;;;;;;;;;;;;;;;;;;;;;;;;;;;0;0;0;0;0;0;0;0;0;0;0;0;0;0;0;0;0;0;0;0;0;0;0;0;0;0;0;0;0;0;0
1547006;1;01/09/1987;1;;"33,2";;;0;1;0;"1322,7";1;;;;;;;;;;;;;;;;;;;;;;;;;;;;;;;;0;0;0;0;0;0;0;0;0;0;0;0;0;0;0;0;0;0;0;0;0;0;0;0;0;0;0;0;0;0;0
1547006;1;01/08/1987;1;;"0,6";;;0;1;0;"1322,7";1;;;;;;;;;;;;;;;;;;;;;;;;;;;;;;;;0;0;0;0;0;0;0;0;0;0;0;0;0;0;0;0;0;0;0;0;0;0;0;0;0;0;0;0;0;0;0
1547006;1;01/07/1987;1;"0,0";"0,0";1;;1;1;0;"1322,7";1;"0,0";"0,0";"0,0";"0,0";"0,0";"0,0";"0,0";"0,0";"0,0";"0,0";"0,0";"0,0";"0,0";"0,0";"0,0";"0,0";"0,0";"0,0";"0,0";"0,0";"0,0";"0,0";"0,0";"0,0";"0,0";"0,0";"0,0";"0,0";"0,0";"0,0";"0,0";1;1;1;1;1;1;1;1;1;1;1;1;1;1;1;1;1;1;1;1;1;1;1;1;1;1;1;1;1;1;1
1547006;1;01/06/1987;1;;"29,0";;;0;1;0;"1322,7";1;;;;;;;;;;;;;;;;;;;;;;;;;;;;;;;;0;0;0;0;0;0;0;0;0;0;0;0;0;0;0;0;0;0;0;0;0;0;0;0;0;0;0;0;0;0;0
1547006;1;01/05/1987;1;;"17,5";;;0;1;0;"1322,7";1;;;;;;;;;;;;;;;;;;;;;;;;;;;;;;;;0;0;0;0;0;0;0;0;0;0;0;0;0;0;0;0;0;0;0;0;0;0;0;0;0;0;0;0;0;0;0
1547006;1;01/04/1987;1;;"181,8";;;0;1;0;"1322,7";1;;;;;;;;;;;;;;;;;;;;;;;;;;;;;;;;0;0;0;0;0;0;0;0;0;0;0;0;0;0;0;0;0;0;0;0;0;0;0;0;0;0;0;0;0;0;0
1547006;1;01/03/1987;1;;"143,9";;;0;1;0;"1322,7";1;;;;;;;;;;;;;;;;;;;;;;;;;;;;;;;;0;0;0;0;0;0;0;0;0;0;0;0;0;0;0;0;0;0;0;0;0;0;0;0;0;0;0;0;0;0;0
1547006;1;01/02/1987;1;;"153,8";;;0;1;0;"1322,7";1;;;;;;;;;;;;;;;;;;;;;;;;;;;;;;;;0;0;0;0;0;0;0;0;0;0;0;0;0;0;0;0;0;0;0;0;0;0;0;0;0;0;0;0;0;0;0
1547006;1;01/01/1987;1;;"122,0";;;0;1;0;"1322,7";1;;;;;;;;;;;;;;;;;;;;;;;;;;;;;;;;0;0;0;0;0;0;0;0;0;0;0;0;0;0;0;0;0;0;0;0;0;0;0;0;0;0;0;0;0;0;0
1547006;1;01/12/1986;1;;"156,9";;;0;1;0;"896,4";1;;;;;;;;;;;;;;;;;;;;;;;;;;;;;;;;0;0;0;0;0;0;0;0;0;0;0;0;0;0;0;0;0;0;0;0;0;0;0;0;0;0;0;0;0;0;0
1547006;1;01/11/1986;1;;"135,1";;;0;1;0;"896,4";1;;;;;;;;;;;;;;;;;;;;;;;;;;;;;;;;0;0;0;0;0;0;0;0;0;0;0;0;0;0;0;0;0;0;0;0;0;0;0;0;0;0;0;0;0;0;0
1547006;1;01/10/1986;1;;"101,1";;;0;1;0;"896,4";1;;;;;;;;;;;;;;;;;;;;;;;;;;;;;;;;0;0;0;0;0;0;0;0;0;0;0;0;0;0;0;0;0;0;0;0;0;0;0;0;0;0;0;0;0;0;0
1547006;1;01/09/1986;1;;"24,5";;;0;1;0;"896,4";1;;;;;;;;;;;;;;;;;;;;;;;;;;;;;;;;0;0;0;0;0;0;0;0;0;0;0;0;0;0;0;0;0;0;0;0;0;0;0;0;0;0;0;0;0;0;0
1547006;1;01/08/1986;1;;"46,9";;;0;1;0;"896,4";1;;;;;;;;;;;;;;;;;;;;;;;;;;;;;;;;0;0;0;0;0;0;0;0;0;0;0;0;0;0;0;0;0;0;0;0;0;0;0;0;0;0;0;0;0;0;0
1547006;1;01/07/1986;1;;"39,0";;;0;1;0;"896,4";1;;;;;;;;;;;;;;;;;;;;;;;;;;;;;;;;0;0;0;0;0;0;0;0;0;0;0;0;0;0;0;0;0;0;0;0;0;0;0;0;0;0;0;0;0;0;0
1547006;1;01/06/1986;1;"0,0";"0,0";1;;1;1;0;"896,4";1;"0,0";"0,0";"0,0";"0,0";"0,0";"0,0";"0,0";"0,0";"0,0";"0,0";"0,0";"0,0";"0,0";"0,0";"0,0";"0,0";"0,0";"0,0";"0,0";"0,0";"0,0";"0,0";"0,0";"0,0";"0,0";"0,0";"0,0";"0,0";"0,0";"0,0";;1;1;1;1;1;1;1;1;1;1;1;1;1;1;1;1;1;1;1;1;1;1;1;1;1;1;1;1;1;1;0
1547006;1;01/05/1986;1;;"28,8";;;0;1;0;"896,4";1;;;;;;;;;;;;;;;;;;;;;;;;;;;;;;;;0;0;0;0;0;0;0;0;0;0;0;0;0;0;0;0;0;0;0;0;0;0;0;0;0;0;0;0;0;0;0
1547006;1;01/04/1986;1;"32,0";"75,1";22;9;1;1;0;"896,4";1;"3,5";"0,0";"0,0";"0,0";"0,0";"0,0";"0,0";"0,0";"0,0";"4,6";"5,9";"21,1";"0,0";"0,0";"0,2";"0,1";"0,0";"0,0";"0,0";"0,0";"0,0";"32,0";"0,0";"0,4";"7,3";"0,0";"0,0";"0,0";"0,0";"0,0";;1;1;1;1;1;1;1;1;1;1;1;1;1;1;1;1;1;1;1;1;1;1;1;1;1;1;1;1;1;1;0
1547006;1;01/03/1986;1;"45,2";"74,2";2;10;1;1;0;"896,4";1;"3,2";"45,2";"3,9";"1,2";"9,3";"4,7";"0,0";"2,7";"3,0";"0,0";"0,0";"0,0";"0,2";"0,0";"0,0";"0,0";"0,0";"0,0";"0,0";"0,0";"0,8";"0,0";"0,0";"0,0";"0,0";"0,0";"0,0";"0,0";"0,0";"0,0";"0,0";1;1;1;1;1;1;1;1;1;1;1;1;1;1;1;1;1;1;1;1;1;1;1;1;1;1;1;1;1;1;1
1547006;1;01/02/1986;1;"16,8";"70,7";5;15;1;1;0;"896,4";1;"2,5";"0,0";"14,0";"1,8";"16,8";"9,0";"2,0";"3,2";"0,0";"0,0";"0,0";"0,2";"0,0";"14,6";"0,5";"0,2";"1,2";"0,0";"0,9";"0,6";"0,0";"0,0";"0,0";"0,0";"3,2";"0,0";"0,0";"0,0";;;;1;1;1;1;1;1;1;1;1;1;1;1;1;1;1;1;1;1;1;1;1;1;1;1;1;1;1;1;0;0;0
1547006;1;01/01/1986;1;"28,3";"144,1";29;17;1;1;0;"896,4";1;"3,0";"0,7";"0,4";"0,0";"0,0";"0,0";"18,5";"1,1";"5,8";"6,1";"0,6";"0,0";"11,1";"16,4";"11,6";"25,4";"1,6";"0,5";"0,0";"0,0";"0,0";"0,0";"0,0";"0,0";"0,0";"0,0";"7,2";"5,8";"28,3";"0,0";"0,0";1;1;1;1;1;1;1;1;1;1;1;1;1;1;1;1;1;1;1;1;1;1;1;1;1;1;1;1;1;1;1
1547006;1;01/12/1985;1;"80,0";"312,5";25;23;1;1;0;"1480,6";1;"0,0";"0,0";"1,5";"4,8";"0,0";"0,0";"5,0";"8,1";"0,0";"3,0";"0,0";"0,4";"6,5";"5,4";"0,0";"10,5";"0,2";"2,5";"0,0";"23,1";"10,4";"14,4";"14,2";"15,4";"80,0";"3,5";"14,9";"36,9";"19,1";"28,2";"4,5";1;1;1;1;1;1;1;1;1;1;1;1;1;1;1;1;1;1;1;1;1;1;1;1;1;1;1;1;1;1;1
1547006;1;01/11/1985;1;"40,7";"147,1";8;14;1;1;0;"1480,6";1;"1,4";"1,0";"0,0";"0,0";"0,0";"13,6";"6,8";"40,7";"2,8";"0,0";"0,0";"0,0";"0,0";"0,0";"0,0";"0,0";"0,0";"0,7";"0,0";"0,0";"0,0";"17,4";"12,0";"7,9";"0,0";"0,0";"11,0";"20,7";"4,9";"6,2";;1;1;1;1;1;1;1;1;1;1;1;1;1;1;1;1;1;1;1;1;1;1;1;1;1;1;1;1;1;1;0
1547006;1;01/10/1985;1;"44,7";"196,6";25;15;1;1;0;"1480,6";1;"0,0";"0,0";"0,0";"0,0";"9,4";"0,0";"5,9";"1,8";"0,0";"0,0";"0,9";"0,0";"0,0";"0,0";"28,0";"5,0";"0,0";"0,0";"0,0";"0,0";"0,0";"0,2";"41,9";"0,0";"44,7";"0,3";"7,9";"5,2";"14,8";"4,5";"26,1";1;1;1;1;1;1;1;1;1;1;1;1;1;1;1;1;1;1;1;1;1;1;1;1;1;1;1;1;1;1;1
1547006;1;01/09/1985;1;"73,6";"108,4";28;6;1;1;0;"1480,6";1;"0,0";"0,0";"0,0";"0,0";"0,0";"0,0";"0,0";"0,0";"0,0";"0,0";"0,0";"0,0";"0,0";"0,0";"0,0";"0,0";"0,0";"0,0";"0,0";"0,0";"0,0";"0,0";"0,0";"1,3";"0,2";"20,1";"4,4";"73,6";"8,8";"0,0";;1;1;1;1;1;1;1;1;1;1;1;1;1;1;1;1;1;1;1;1;1;1;1;1;1;1;1;1;1;1;0
1547006;1;01/08/1985;1;"0,3";"0,3";22;1;1;1;0;"1480,6";1;"0,0";"0,0";"0,0";"0,0";"0,0";"0,0";"0,0";"0,0";"0,0";"0,0";"0,0";"0,0";"0,0";"0,0";"0,0";"0,0";"0,0";"0,0";"0,0";"0,0";"0,0";"0,3";"0,0";"0,0";"0,0";"0,0";"0,0";"0,0";"0,0";"0,0";"0,0";1;1;1;1;1;1;1;1;1;1;1;1;1;1;1;1;1;1;1;1;1;1;1;1;1;1;1;1;1;1;1
1547006;1;01/07/1985;1;"0,0";"0,0";1;;1;1;0;"1480,6";1;"0,0";"0,0";"0,0";"0,0";"0,0";"0,0";"0,0";"0,0";"0,0";"0,0";"0,0";"0,0";"0,0";"0,0";"0,0";"0,0";"0,0";"0,0";"0,0";"0,0";"0,0";"0,0";"0,0";"0,0";"0,0";"0,0";"0,0";"0,0";"0,0";"0,0";"0,0";1;1;1;1;1;1;1;1;1;1;1;1;1;1;1;1;1;1;1;1;1;1;1;1;1;1;1;1;1;1;1
1547006;1;01/06/1985;1;"0,0";"0,0";1;;1;1;0;"1480,6";1;"0,0";"0,0";"0,0";"0,0";"0,0";"0,0";"0,0";"0,0";"0,0";"0,0";"0,0";"0,0";"0,0";"0,0";"0,0";"0,0";"0,0";"0,0";"0,0";"0,0";"0,0";"0,0";"0,0";"0,0";"0,0";"0,0";"0,0";"0,0";"0,0";"0,0";;1;1;1;1;1;1;1;1;1;1;1;1;1;1;1;1;1;1;1;1;1;1;1;1;1;1;1;1;1;1;0
1547006;1;01/05/1985;1;"22,6";"36,6";3;5;1;1;0;"1480,6";1;"0,0";"0,8";"22,6";"10,1";"0,0";"0,0";"0,0";"0,0";"0,0";"0,0";"1,9";"0,0";"0,0";"0,0";"0,0";"0,0";"0,0";"0,0";"0,0";"0,0";"0,0";"1,2";"0,0";"0,0";"0,0";"0,0";"0,0";"0,0";"0,0";"0,0";"0,0";1;1;1;1;1;1;1;1;1;1;1;1;1;1;1;1;1;1;1;1;1;1;1;1;1;1;1;1;1;1;1
1547006;1;01/04/1985;1;"11,4";"49,7";17;11;1;1;0;"1480,6";1;"0,0";"0,0";"0,0";"0,0";"1,5";"4,4";"0,0";"1,0";"0,8";"8,5";"4,4";"10,7";"0,1";"0,0";"0,0";"0,0";"11,4";"1,1";"0,0";"5,8";"0,0";"0,0";"0,0";"0,0";"0,0";"0,0";"0,0";"0,0";"0,0";"0,0";;1;1;1;1;1;1;1;1;1;1;1;1;1;1;1;1;1;1;1;1;1;1;1;1;1;1;1;1;1;1;0
1547006;1;01/03/1985;1;"62,1";"190,6";20;18;1;1;0;"1480,6";1;"0,0";"0,0";"11,1";"6,0";"0,0";"10,7";"1,4";"0,0";"21,2";"0,0";"0,1";"0,0";"30,9";"4,8";"0,4";"1,0";"3,1";"12,8";"0,0";"62,1";"1,3";"1,8";"0,0";"0,0";"0,0";"0,0";"0,0";"0,0";"2,7";"10,5";"8,7";1;1;1;1;1;1;1;1;1;1;1;1;1;1;1;1;1;1;1;1;1;1;1;1;1;1;1;1;1;1;1
1547006;1;01/02/1985;1;"61,2";"190,5";26;13;1;1;0;"1480,6";1;"22,4";"0,0";"0,0";"0,0";"0,0";"0,0";"0,4";"7,7";"2,6";"2,5";"0,0";"0,0";"0,0";"0,0";"0,0";"2,8";"0,0";"3,1";"0,0";"0,0";"0,0";"11,4";"28,8";"0,0";"30,3";"61,2";"9,3";"8,0";;;;1;1;1;1;1;1;1;1;1;1;1;1;1;1;1;1;1;1;1;1;1;1;1;1;1;1;1;1;0;0;0
1547006;1;01/01/1985;1;"60,7";"248,3";4;29;1;1;0;"1480,6";1;"0,1";"0,0";"5,0";"60,7";"2,5";"5,8";"1,2";"19,0";"6,6";"0,2";"6,6";"5,4";"4,8";"41,9";"0,1";"0,0";"12,4";"36,9";"1,7";"2,6";"2,3";"1,1";"0,4";"4,1";"4,9";"7,2";"2,9";"3,0";"1,1";"5,0";"2,8";1;1;1;1;1;1;1;1;1;1;1;1;1;1;1;1;1;1;1;1;1;1;1;1;1;1;1;1;1;1;1
1547006;1;01/12/1984;1;;"191,5";;;0;1;0;"1114,9";1;;;;;;;;;;;;;;;;;;;;;;;;;;;;;;;;0;0;0;0;0;0;0;0;0;0;0;0;0;0;0;0;0;0;0;0;0;0;0;0;0;0;0;0;0;0;0
1547006;1;01/11/1984;1;;"104,2";;;0;1;0;"1114,9";1;;;;;;;;;;;;;;;;;;;;;;;;;;;;;;;;0;0;0;0;0;0;0;0;0;0;0;0;0;0;0;0;0;0;0;0;0;0;0;0;0;0;0;0;0;0;0
1547006;1;01/10/1984;1;;"181,2";;;0;1;0;"1114,9";1;;;;;;;;;;;;;;;;;;;;;;;;;;;;;;;;0;0;0;0;0;0;0;0;0;0;0;0;0;0;0;0;0;0;0;0;0;0;0;0;0;0;0;0;0;0;0
1547006;1;01/09/1984;1;;"91,2";;;0;1;0;"1114,9";1;;;;;;;;;;;;;;;;;;;;;;;;;;;;;;;;0;0;0;0;0;0;0;0;0;0;0;0;0;0;0;0;0;0;0;0;0;0;0;0;0;0;0;0;0;0;0
1547006;1;01/08/1984;1;;"51,1";;;0;1;0;"1114,9";1;;;;;;;;;;;;;;;;;;;;;;;;;;;;;;;;0;0;0;0;0;0;0;0;0;0;0;0;0;0;0;0;0;0;0;0;0;0;0;0;0;0;0;0;0;0;0
1547006;1;01/07/1984;1;"0,0";"0,0";1;;1;1;0;"1114,9";1;"0,0";"0,0";"0,0";"0,0";"0,0";"0,0";"0,0";"0,0";"0,0";"0,0";"0,0";"0,0";"0,0";"0,0";"0,0";"0,0";"0,0";"0,0";"0,0";"0,0";"0,0";"0,0";"0,0";"0,0";"0,0";"0,0";"0,0";"0,0";"0,0";"0,0";"0,0";1;1;1;1;1;1;1;1;1;1;1;1;1;1;1;1;1;1;1;1;1;1;1;1;1;1;1;1;1;1;1
1547006;1;01/06/1984;1;"0,0";"0,0";1;;1;1;0;"1114,9";1;"0,0";"0,0";"0,0";"0,0";"0,0";"0,0";"0,0";"0,0";"0,0";"0,0";"0,0";"0,0";"0,0";"0,0";"0,0";"0,0";"0,0";"0,0";"0,0";"0,0";"0,0";"0,0";"0,0";"0,0";"0,0";"0,0";"0,0";"0,0";"0,0";"0,0";;1;1;1;1;1;1;1;1;1;1;1;1;1;1;1;1;1;1;1;1;1;1;1;1;1;1;1;1;1;1;0
1547006;1;01/05/1984;1;;"2,6";;;0;1;0;"1114,9";1;;;;;;;;;;;;;;;;;;;;;;;;;;;;;;;;0;0;0;0;0;0;0;0;0;0;0;0;0;0;0;0;0;0;0;0;0;0;0;0;0;0;0;0;0;0;0
1547006;1;01/04/1984;1;;"138,0";;;0;1;0;"1114,9";1;;;;;;;;;;;;;;;;;;;;;;;;;;;;;;;;0;0;0;0;0;0;0;0;0;0;0;0;0;0;0;0;0;0;0;0;0;0;0;0;0;0;0;0;0;0;0
1547006;1;01/03/1984;1;;"147,4";;;0;1;0;"1114,9";1;;;;;;;;;;;;;;;;;;;;;;;;;;;;;;;;0;0;0;0;0;0;0;0;0;0;0;0;0;0;0;0;0;0;0;0;0;0;0;0;0;0;0;0;0;0;0
1547006;1;01/02/1984;1;;"92,8";;;0;1;0;"1114,9";1;;;;;;;;;;;;;;;;;;;;;;;;;;;;;;;;0;0;0;0;0;0;0;0;0;0;0;0;0;0;0;0;0;0;0;0;0;0;0;0;0;0;0;0;0;0;0
1547006;1;01/01/1984;1;;"114,9";;;0;1;0;"1114,9";1;;;;;;;;;;;;;;;;;;;;;;;;;;;;;;;;0;0;0;0;0;0;0;0;0;0;0;0;0;0;0;0;0;0;0;0;0;0;0;0;0;0;0;0;0;0;0
1547006;1;01/12/1983;1;;"282,2";;;0;1;0;"1728,9";1;;;;;;;;;;;;;;;;;;;;;;;;;;;;;;;;0;0;0;0;0;0;0;0;0;0;0;0;0;0;0;0;0;0;0;0;0;0;0;0;0;0;0;0;0;0;0
1547006;1;01/11/1983;1;;"354,3";;;0;1;0;"1728,9";1;;;;;;;;;;;;;;;;;;;;;;;;;;;;;;;;0;0;0;0;0;0;0;0;0;0;0;0;0;0;0;0;0;0;0;0;0;0;0;0;0;0;0;0;0;0;0
1547006;1;01/10/1983;1;;"222,5";;;0;1;0;"1728,9";1;;;;;;;;;;;;;;;;;;;;;;;;;;;;;;;;0;0;0;0;0;0;0;0;0;0;0;0;0;0;0;0;0;0;0;0;0;0;0;0;0;0;0;0;0;0;0
1547006;1;01/09/1983;1;;"18,1";;;0;1;0;"1728,9";1;;;;;;;;;;;;;;;;;;;;;;;;;;;;;;;;0;0;0;0;0;0;0;0;0;0;0;0;0;0;0;0;0;0;0;0;0;0;0;0;0;0;0;0;0;0;0
1547006;1;01/08/1983;1;"0,0";"0,0";1;;1;1;0;"1728,9";1;"0,0";"0,0";"0,0";"0,0";"0,0";"0,0";"0,0";"0,0";"0,0";"0,0";"0,0";"0,0";"0,0";"0,0";"0,0";"0,0";"0,0";"0,0";"0,0";"0,0";"0,0";"0,0";"0,0";"0,0";"0,0";"0,0";"0,0";"0,0";"0,0";"0,0";"0,0";1;1;1;1;1;1;1;1;1;1;1;1;1;1;1;1;1;1;1;1;1;1;1;1;1;1;1;1;1;1;1
1547006;1;01/07/1983;1;;"26,1";;;0;1;0;"1728,9";1;;;;;;;;;;;;;;;;;;;;;;;;;;;;;;;;0;0;0;0;0;0;0;0;0;0;0;0;0;0;0;0;0;0;0;0;0;0;0;0;0;0;0;0;0;0;0
1547006;1;01/06/1983;1;"0,0";"0,0";1;;1;1;0;"1728,9";1;"0,0";"0,0";"0,0";"0,0";"0,0";"0,0";"0,0";"0,0";"0,0";"0,0";"0,0";"0,0";"0,0";"0,0";"0,0";"0,0";"0,0";"0,0";"0,0";"0,0";"0,0";"0,0";"0,0";"0,0";"0,0";"0,0";"0,0";"0,0";"0,0";"0,0";;1;1;1;1;1;1;1;1;1;1;1;1;1;1;1;1;1;1;1;1;1;1;1;1;1;1;1;1;1;1;0
1547006;1;01/05/1983;1;;"37,1";;;0;1;0;"1728,9";1;;;;;;;;;;;;;;;;;;;;;;;;;;;;;;;;0;0;0;0;0;0;0;0;0;0;0;0;0;0;0;0;0;0;0;0;0;0;0;0;0;0;0;0;0;0;0
1547006;1;01/04/1983;1;;"76,3";;;0;1;0;"1728,9";1;;;;;;;;;;;;;;;;;;;;;;;;;;;;;;;;0;0;0;0;0;0;0;0;0;0;0;0;0;0;0;0;0;0;0;0;0;0;0;0;0;0;0;0;0;0;0
1547006;1;01/03/1983;1;;"238,1";;;0;1;0;"1728,9";1;;;;;;;;;;;;;;;;;;;;;;;;;;;;;;;;0;0;0;0;0;0;0;0;0;0;0;0;0;0;0;0;0;0;0;0;0;0;0;0;0;0;0;0;0;0;0
1547006;1;01/02/1983;1;;"199,7";;;0;1;0;"1728,9";1;;;;;;;;;;;;;;;;;;;;;;;;;;;;;;;;0;0;0;0;0;0;0;0;0;0;0;0;0;0;0;0;0;0;0;0;0;0;0;0;0;0;0;0;0;0;0
1547006;1;01/01/1983;1;;"274,5";;;0;1;0;"1728,9";1;;;;;;;;;;;;;;;;;;;;;;;;;;;;;;;;0;0;0;0;0;0;0;0;0;0;0;0;0;0;0;0;0;0;0;0;0;0;0;0;0;0;0;0;0;0;0
1547006;1;01/12/1982;1;;"125,5";;;0;1;0;"1389,8";1;;;;;;;;;;;;;;;;;;;;;;;;;;;;;;;;0;0;0;0;0;0;0;0;0;0;0;0;0;0;0;0;0;0;0;0;0;0;0;0;0;0;0;0;0;0;0
1547006;1;01/11/1982;1;;"131,1";;;0;1;0;"1389,8";1;;;;;;;;;;;;;;;;;;;;;;;;;;;;;;;;0;0;0;0;0;0;0;0;0;0;0;0;0;0;0;0;0;0;0;0;0;0;0;0;0;0;0;0;0;0;0
1547006;1;01/10/1982;1;;"206,5";;;0;1;0;"1389,8";1;;;;;;;;;;;;;;;;;;;;;;;;;;;;;;;;0;0;0;0;0;0;0;0;0;0;0;0;0;0;0;0;0;0;0;0;0;0;0;0;0;0;0;0;0;0;0
1547006;1;01/09/1982;1;;"51,2";;;0;1;0;"1389,8";1;;;;;;;;;;;;;;;;;;;;;;;;;;;;;;;;0;0;0;0;0;0;0;0;0;0;0;0;0;0;0;0;0;0;0;0;0;0;0;0;0;0;0;0;0;0;0
1547006;1;01/08/1982;1;;"40,6";;;0;1;0;"1389,8";1;;;;;;;;;;;;;;;;;;;;;;;;;;;;;;;;0;0;0;0;0;0;0;0;0;0;0;0;0;0;0;0;0;0;0;0;0;0;0;0;0;0;0;0;0;0;0
1547006;1;01/07/1982;1;"0,0";"0,0";1;;1;1;0;"1389,8";1;"0,0";"0,0";"0,0";"0,0";"0,0";"0,0";"0,0";"0,0";"0,0";"0,0";"0,0";"0,0";"0,0";"0,0";"0,0";"0,0";"0,0";"0,0";"0,0";"0,0";"0,0";"0,0";"0,0";"0,0";"0,0";"0,0";"0,0";"0,0";"0,0";"0,0";"0,0";1;1;1;1;1;1;1;1;1;1;1;1;1;1;1;1;1;1;1;1;1;1;1;1;1;1;1;1;1;1;1
1547006;1;01/06/1982;1;"0,0";"0,0";1;;1;1;0;"1389,8";1;"0,0";"0,0";"0,0";"0,0";"0,0";"0,0";"0,0";"0,0";"0,0";"0,0";"0,0";"0,0";"0,0";"0,0";"0,0";"0,0";"0,0";"0,0";"0,0";"0,0";"0,0";"0,0";"0,0";"0,0";"0,0";"0,0";"0,0";"0,0";"0,0";"0,0";;1;1;1;1;1;1;1;1;1;1;1;1;1;1;1;1;1;1;1;1;1;1;1;1;1;1;1;1;1;1;0
1547006;1;01/05/1982;1;;"98,4";;;0;1;0;"1389,8";1;;;;;;;;;;;;;;;;;;;;;;;;;;;;;;;;0;0;0;0;0;0;0;0;0;0;0;0;0;0;0;0;0;0;0;0;0;0;0;0;0;0;0;0;0;0;0
1547006;1;01/04/1982;1;;"76,4";;;0;1;0;"1389,8";1;;;;;;;;;;;;;;;;;;;;;;;;;;;;;;;;0;0;0;0;0;0;0;0;0;0;0;0;0;0;0;0;0;0;0;0;0;0;0;0;0;0;0;0;0;0;0
1547006;1;01/03/1982;1;;"222,0";;;0;1;0;"1389,8";1;;;;;;;;;;;;;;;;;;;;;;;;;;;;;;;;0;0;0;0;0;0;0;0;0;0;0;0;0;0;0;0;0;0;0;0;0;0;0;0;0;0;0;0;0;0;0
1547006;1;01/02/1982;1;;"48,2";;;0;1;0;"1389,8";1;;;;;;;;;;;;;;;;;;;;;;;;;;;;;;;;0;0;0;0;0;0;0;0;0;0;0;0;0;0;0;0;0;0;0;0;0;0;0;0;0;0;0;0;0;0;0
1547006;1;01/01/1982;1;;"389,9";;;0;1;0;"1389,8";1;;;;;;;;;;;;;;;;;;;;;;;;;;;;;;;;0;0;0;0;0;0;0;0;0;0;0;0;0;0;0;0;0;0;0;0;0;0;0;0;0;0;0;0;0;0;0
1547006;1;01/12/1981;1;;"185,0";;;0;1;0;"1464,8";1;;;;;;;;;;;;;;;;;;;;;;;;;;;;;;;;0;0;0;0;0;0;0;0;0;0;0;0;0;0;0;0;0;0;0;0;0;0;0;0;0;0;0;0;0;0;0
1547006;1;01/11/1981;1;;"281,7";;;0;1;0;"1464,8";1;;;;;;;;;;;;;;;;;;;;;;;;;;;;;;;;0;0;0;0;0;0;0;0;0;0;0;0;0;0;0;0;0;0;0;0;0;0;0;0;0;0;0;0;0;0;0
1547006;1;01/10/1981;1;;"373,0";;;0;1;0;"1464,8";1;;;;;;;;;;;;;;;;;;;;;;;;;;;;;;;;0;0;0;0;0;0;0;0;0;0;0;0;0;0;0;0;0;0;0;0;0;0;0;0;0;0;0;0;0;0;0
1547006;1;01/09/1981;1;;"1,6";;;0;1;0;"1464,8";1;;;;;;;;;;;;;;;;;;;;;;;;;;;;;;;;0;0;0;0;0;0;0;0;0;0;0;0;0;0;0;0;0;0;0;0;0;0;0;0;0;0;0;0;0;0;0
1547006;1;01/08/1981;1;;"11,0";;;0;1;0;"1464,8";1;;;;;;;;;;;;;;;;;;;;;;;;;;;;;;;;0;0;0;0;0;0;0;0;0;0;0;0;0;0;0;0;0;0;0;0;0;0;0;0;0;0;0;0;0;0;0
1547006;1;01/07/1981;1;;"12,2";;;0;1;0;"1464,8";1;;;;;;;;;;;;;;;;;;;;;;;;;;;;;;;;0;0;0;0;0;0;0;0;0;0;0;0;0;0;0;0;0;0;0;0;0;0;0;0;0;0;0;0;0;0;0
1547006;1;01/06/1981;1;;"24,1";;;0;1;0;"1464,8";1;;;;;;;;;;;;;;;;;;;;;;;;;;;;;;;;0;0;0;0;0;0;0;0;0;0;0;0;0;0;0;0;0;0;0;0;0;0;0;0;0;0;0;0;0;0;0
1547006;1;01/05/1981;1;;"18,4";;;0;1;0;"1464,8";1;;;;;;;;;;;;;;;;;;;;;;;;;;;;;;;;0;0;0;0;0;0;0;0;0;0;0;0;0;0;0;0;0;0;0;0;0;0;0;0;0;0;0;0;0;0;0
1547006;1;01/04/1981;1;;"72,2";;;0;1;0;"1464,8";1;;;;;;;;;;;;;;;;;;;;;;;;;;;;;;;;0;0;0;0;0;0;0;0;0;0;0;0;0;0;0;0;0;0;0;0;0;0;0;0;0;0;0;0;0;0;0
1547006;1;01/03/1981;1;;"268,0";;;0;1;0;"1464,8";1;;;;;;;;;;;;;;;;;;;;;;;;;;;;;;;;0;0;0;0;0;0;0;0;0;0;0;0;0;0;0;0;0;0;0;0;0;0;0;0;0;0;0;0;0;0;0
1547006;1;01/02/1981;1;;"68,2";;;0;1;0;"1464,8";1;;;;;;;;;;;;;;;;;;;;;;;;;;;;;;;;0;0;0;0;0;0;0;0;0;0;0;0;0;0;0;0;0;0;0;0;0;0;0;0;0;0;0;0;0;0;0
1547006;1;01/01/1981;1;;"149,4";;;0;1;0;"1464,8";1;;;;;;;;;;;;;;;;;;;;;;;;;;;;;;;;0;0;0;0;0;0;0;0;0;0;0;0;0;0;0;0;0;0;0;0;0;0;0;0;0;0;0;0;0;0;0
1547006;1;01/12/1980;1;;"265,5";;;0;1;0;"1444,9";1;;;;;;;;;;;;;;;;;;;;;;;;;;;;;;;;0;0;0;0;0;0;0;0;0;0;0;0;0;0;0;0;0;0;0;0;0;0;0;0;0;0;0;0;0;0;0
1547006;1;01/11/1980;1;;"184,8";;;0;1;0;"1444,9";1;;;;;;;;;;;;;;;;;;;;;;;;;;;;;;;;0;0;0;0;0;0;0;0;0;0;0;0;0;0;0;0;0;0;0;0;0;0;0;0;0;0;0;0;0;0;0
1547006;1;01/10/1980;1;;"15,4";;;0;1;0;"1444,9";1;;;;;;;;;;;;;;;;;;;;;;;;;;;;;;;;0;0;0;0;0;0;0;0;0;0;0;0;0;0;0;0;0;0;0;0;0;0;0;0;0;0;0;0;0;0;0
1547006;1;01/09/1980;1;;"63,2";;;0;1;0;"1444,9";1;;;;;;;;;;;;;;;;;;;;;;;;;;;;;;;;0;0;0;0;0;0;0;0;0;0;0;0;0;0;0;0;0;0;0;0;0;0;0;0;0;0;0;0;0;0;0
1547006;1;01/08/1980;1;"0,0";"0,0";1;;1;1;0;"1444,9";1;"0,0";"0,0";"0,0";"0,0";"0,0";"0,0";"0,0";"0,0";"0,0";"0,0";"0,0";"0,0";"0,0";"0,0";"0,0";"0,0";"0,0";"0,0";"0,0";"0,0";"0,0";"0,0";"0,0";"0,0";"0,0";"0,0";"0,0";"0,0";"0,0";"0,0";"0,0";1;1;1;1;1;1;1;1;1;1;1;1;1;1;1;1;1;1;1;1;1;1;1;1;1;1;1;1;1;1;1
1547006;1;01/07/1980;1;"0,0";"0,0";1;;1;1;0;"1444,9";1;"0,0";"0,0";"0,0";"0,0";"0,0";"0,0";"0,0";"0,0";"0,0";"0,0";"0,0";"0,0";"0,0";"0,0";"0,0";"0,0";"0,0";"0,0";"0,0";"0,0";"0,0";"0,0";"0,0";"0,0";"0,0";"0,0";"0,0";"0,0";"0,0";"0,0";"0,0";1;1;1;1;1;1;1;1;1;1;1;1;1;1;1;1;1;1;1;1;1;1;1;1;1;1;1;1;1;1;1
1547006;1;01/06/1980;1;;"19,5";;;0;1;0;"1444,9";1;;;;;;;;;;;;;;;;;;;;;;;;;;;;;;;;0;0;0;0;0;0;0;0;0;0;0;0;0;0;0;0;0;0;0;0;0;0;0;0;0;0;0;0;0;0;0
1547006;1;01/05/1980;1;;"43,9";;;0;1;0;"1444,9";1;;;;;;;;;;;;;;;;;;;;;;;;;;;;;;;;0;0;0;0;0;0;0;0;0;0;0;0;0;0;0;0;0;0;0;0;0;0;0;0;0;0;0;0;0;0;0
1547006;1;01/04/1980;1;;"93,9";;;0;1;0;"1444,9";1;;;;;;;;;;;;;;;;;;;;;;;;;;;;;;;;0;0;0;0;0;0;0;0;0;0;0;0;0;0;0;0;0;0;0;0;0;0;0;0;0;0;0;0;0;0;0
1547006;1;01/03/1980;1;;"102,4";;;0;1;0;"1444,9";1;;;;;;;;;;;;;;;;;;;;;;;;;;;;;;;;0;0;0;0;0;0;0;0;0;0;0;0;0;0;0;0;0;0;0;0;0;0;0;0;0;0;0;0;0;0;0
1547006;1;01/02/1980;1;"43,4";"305,0";15;24;1;1;0;"1444,9";1;"1,4";"5,5";"3,2";"12,3";"23,7";"0,1";"0,2";"28,7";"10,1";"2,1";"5,0";"21,0";"7,8";"32,9";"43,4";"21,7";"12,4";"18,3";"18,1";"0,2";"0,0";"0,0";"1,5";"0,0";"0,0";"9,0";"9,4";"0,0";"17,0";;;1;1;1;1;1;1;1;1;1;1;1;1;1;1;1;1;1;1;1;1;1;1;1;1;1;1;1;1;1;0;0
1547006;1;01/01/1980;1;"67,2";"351,3";13;24;1;1;0;"1444,9";1;"17,2";"7,0";"2,0";"0,0";"0,0";"0,0";"10,5";"28,7";"13,0";"12,4";"0,9";"13,2";"67,2";"42,4";"2,4";"12,7";"20,8";"3,3";"0,0";"15,7";"1,1";"4,3";"4,2";"23,6";"0,0";"0,0";"3,9";"0,6";"43,8";"0,0";"0,4";1;1;1;1;1;1;1;1;1;1;1;1;1;1;1;1;1;1;1;1;1;1;1;1;1;1;1;1;1;1;1
1547006;1;01/12/1979;1;"29,2";"211,1";28;27;1;1;0;"1624,8";1;"0,0";"3,6";"0,0";"13,2";"3,7";"0,2";"1,2";"0,9";"10,4";"14,0";"2,2";"8,8";"0,1";"4,9";"16,4";"0,5";"1,6";"5,2";"2,2";"4,8";"10,2";"0,0";"9,5";"3,2";"3,9";"0,0";"12,6";"29,2";"23,5";"16,3";"8,8";1;1;1;1;1;1;1;1;1;1;1;1;1;1;1;1;1;1;1;1;1;1;1;1;1;1;1;1;1;1;1
1547006;1;01/11/1979;1;"24,3";"155,5";26;20;1;1;0;"1624,8";1;"18,8";"20,6";"1,3";"2,1";"10,4";"1,5";"1,2";"1,8";"16,6";"3,7";"1,2";"0,0";"0,5";"11,8";"0,0";"0,0";"0,0";"0,4";"12,2";"1,1";"4,5";"0,0";"0,0";"2,2";"19,3";"24,3";"0,0";"0,0";"0,0";"0,0";;1;1;1;1;1;1;1;1;1;1;1;1;1;1;1;1;1;1;1;1;1;1;1;1;1;1;1;1;1;1;0
1547006;1;01/10/1979;1;"60,5";"120,5";8;13;1;1;0;"1624,8";1;"0,0";"0,0";"0,0";"0,0";"0,0";"0,0";"0,0";"60,5";"3,2";"0,5";"0,0";"3,0";"0,9";"1,9";"0,4";"4,4";"0,0";"6,4";"0,0";"0,1";"0,0";"0,0";"0,0";"0,0";"0,0";"0,0";"0,0";"1,8";"4,4";"33,0";"0,0";1;1;1;1;1;1;1;1;1;1;1;1;1;1;1;1;1;1;1;1;1;1;1;1;1;1;1;1;1;1;1
1547006;1;01/09/1979;1;"25,8";"81,0";16;7;1;1;0;"1624,8";1;"0,0";"0,0";"0,0";"0,0";"1,3";"0,0";"0,0";"0,0";"0,0";"0,0";"0,0";"0,0";"0,0";"0,0";"15,0";"25,8";"0,0";"23,0";"4,6";"2,2";"0,0";"0,0";"9,1";"0,0";"0,0";"0,0";"0,0";"0,0";"0,0";"0,0";;1;1;1;1;1;1;1;1;1;1;1;1;1;1;1;1;1;1;1;1;1;1;1;1;1;1;1;1;1;1;0
1547006;1;01/08/1979;1;;"20,9";;;0;1;0;"1624,8";1;;;;;;;;;;;;;;;;;;;;;;;;;;;;;;;;0;0;0;0;0;0;0;0;0;0;0;0;0;0;0;0;0;0;0;0;0;0;0;0;0;0;0;0;0;0;0
1547006;1;01/07/1979;1;;"2,7";;;0;1;0;"1624,8";1;;;;;;;;;;;;;;;;;;;;;;;;;;;;;;;;0;0;0;0;0;0;0;0;0;0;0;0;0;0;0;0;0;0;0;0;0;0;0;0;0;0;0;0;0;0;0
1547006;1;01/06/1979;1;"0,0";"0,0";1;;1;1;0;"1624,8";1;"0,0";"0,0";"0,0";"0,0";"0,0";"0,0";"0,0";"0,0";"0,0";"0,0";"0,0";"0,0";"0,0";"0,0";"0,0";"0,0";"0,0";"0,0";"0,0";"0,0";"0,0";"0,0";"0,0";"0,0";"0,0";"0,0";"0,0";"0,0";"0,0";"0,0";;1;1;1;1;1;1;1;1;1;1;1;1;1;1;1;1;1;1;1;1;1;1;1;1;1;1;1;1;1;1;0
1547006;1;01/05/1979;1;;"25,6";;;0;1;0;"1624,8";1;;;;;;;;;;;;;;;;;;;;;;;;;;;;;;;;0;0;0;0;0;0;0;0;0;0;0;0;0;0;0;0;0;0;0;0;0;0;0;0;0;0;0;0;0;0;0
1547006;1;01/04/1979;1;;"58,7";;;0;1;0;"1624,8";1;;;;;;;;;;;;;;;;;;;;;;;;;;;;;;;;0;0;0;0;0;0;0;0;0;0;0;0;0;0;0;0;0;0;0;0;0;0;0;0;0;0;0;0;0;0;0
1547006;1;01/03/1979;1;"53,6";"282,8";31;20;1;1;0;"1624,8";1;"0,0";"0,0";"0,0";"0,0";"0,0";"13,8";"2,8";"2,7";"28,1";"52,7";"14,5";"34,8";"23,1";"0,1";"0,0";"0,8";"0,0";"11,7";"28,8";"1,4";"0,0";"5,9";"2,8";"1,3";"2,8";"0,0";"0,0";"0,0";"0,1";"1,0";"53,6";1;1;1;1;1;1;1;1;1;1;1;1;1;1;1;1;1;1;1;1;1;1;1;1;1;1;1;1;1;1;1
1547006;1;01/02/1979;1;"80,5";"247,2";7;17;1;1;0;"1624,8";1;"2,0";"8,7";"6,7";"8,6";"0,7";"0,0";"80,5";"0,0";"0,0";"0,0";"0,8";"0,0";"0,0";"0,4";"3,2";"0,1";"28,4";"3,6";"62,1";"3,1";"5,4";"17,1";"15,8";"0,0";"0,0";"0,0";"0,0";"0,0";;;;1;1;1;1;1;1;1;1;1;1;1;1;1;1;1;1;1;1;1;1;1;1;1;1;1;1;1;1;0;0;0
1547006;1;01/01/1979;1;"54,4";"418,8";16;26;1;1;0;"1624,8";1;"0,8";"0,0";"1,4";"0,0";"20,4";"18,0";"3,3";"42,4";"21,8";"23,7";"3,6";"26,8";"6,7";"0,0";"13,1";"54,4";"7,2";"15,8";"3,3";"30,0";"1,9";"2,3";"12,3";"0,0";"0,0";"41,5";"6,5";"4,8";"4,3";"48,0";"4,5";1;1;1;1;1;1;1;1;1;1;1;1;1;1;1;1;1;1;1;1;1;1;1;1;1;1;1;1;1;1;1
1547006;1;01/12/1978;1;"23,9";"164,0";17;27;1;1;0;"1439,1";1;"0,0";"0,2";"1,8";"0,2";"7,3";"12,9";"0,2";"3,2";"4,9";"0,0";"13,6";"8,7";"1,0";"4,0";"0,2";"9,0";"23,9";"1,8";"0,1";"4,4";"1,6";"16,1";"16,1";"4,2";"0,0";"0,0";"15,5";"2,7";"8,0";"1,9";"0,5";1;1;1;1;1;1;1;1;1;1;1;1;1;1;1;1;1;1;1;1;1;1;1;1;1;1;1;1;1;1;1
1547006;1;01/11/1978;1;;"153,0";;;0;1;0;"1439,1";1;;;;;;;;;;;;;;;;;;;;;;;;;;;;;;;;0;0;0;0;0;0;0;0;0;0;0;0;0;0;0;0;0;0;0;0;0;0;0;0;0;0;0;0;0;0;0
1547006;1;01/10/1978;1;;"128,6";;;0;1;0;"1439,1";1;;;;;;;;;;;;;;;;;;;;;;;;;;;;;;;;0;0;0;0;0;0;0;0;0;0;0;0;0;0;0;0;0;0;0;0;0;0;0;0;0;0;0;0;0;0;0
1547006;1;01/09/1978;1;;"10,3";;;0;1;0;"1439,1";1;;;;;;;;;;;;;;;;;;;;;;;;;;;;;;;;0;0;0;0;0;0;0;0;0;0;0;0;0;0;0;0;0;0;0;0;0;0;0;0;0;0;0;0;0;0;0
1547006;1;01/08/1978;1;"0,0";"0,0";1;;1;1;0;"1439,1";1;"0,0";"0,0";"0,0";"0,0";"0,0";"0,0";"0,0";"0,0";"0,0";"0,0";"0,0";"0,0";"0,0";"0,0";"0,0";"0,0";"0,0";"0,0";"0,0";"0,0";"0,0";"0,0";"0,0";"0,0";"0,0";"0,0";"0,0";"0,0";"0,0";"0,0";"0,0";1;1;1;1;1;1;1;1;1;1;1;1;1;1;1;1;1;1;1;1;1;1;1;1;1;1;1;1;1;1;1
1547006;1;01/07/1978;1;;"14,2";;;0;1;0;"1439,1";1;;;;;;;;;;;;;;;;;;;;;;;;;;;;;;;;0;0;0;0;0;0;0;0;0;0;0;0;0;0;0;0;0;0;0;0;0;0;0;0;0;0;0;0;0;0;0
1547006;1;01/06/1978;1;;"2,9";;;0;1;0;"1439,1";1;;;;;;;;;;;;;;;;;;;;;;;;;;;;;;;;0;0;0;0;0;0;0;0;0;0;0;0;0;0;0;0;0;0;0;0;0;0;0;0;0;0;0;0;0;0;0
1547006;1;01/05/1978;1;;"50,6";;;0;1;0;"1439,1";1;;;;;;;;;;;;;;;;;;;;;;;;;;;;;;;;0;0;0;0;0;0;0;0;0;0;0;0;0;0;0;0;0;0;0;0;0;0;0;0;0;0;0;0;0;0;0
1547006;1;01/04/1978;1;;"154,9";;;0;1;0;"1439,1";1;;;;;;;;;;;;;;;;;;;;;;;;;;;;;;;;0;0;0;0;0;0;0;0;0;0;0;0;0;0;0;0;0;0;0;0;0;0;0;0;0;0;0;0;0;0;0
1547006;1;01/03/1978;1;;"181,4";;;0;1;0;"1439,1";1;;;;;;;;;;;;;;;;;;;;;;;;;;;;;;;;0;0;0;0;0;0;0;0;0;0;0;0;0;0;0;0;0;0;0;0;0;0;0;0;0;0;0;0;0;0;0
1547006;1;01/02/1978;1;;"339,3";;;0;1;0;"1439,1";1;;;;;;;;;;;;;;;;;;;;;;;;;;;;;;;;0;0;0;0;0;0;0;0;0;0;0;0;0;0;0;0;0;0;0;0;0;0;0;0;0;0;0;0;0;0;0
1547006;1;01/01/1978;1;;"239,9";;;0;1;0;"1439,1";1;;;;;;;;;;;;;;;;;;;;;;;;;;;;;;;;0;0;0;0;0;0;0;0;0;0;0;0;0;0;0;0;0;0;0;0;0;0;0;0;0;0;0;0;0;0;0
1547006;1;01/12/1977;1;"38,1";"274,0";30;22;1;1;0;"1254,8";1;"5,0";"0,0";"0,0";"1,7";"0,0";"0,0";"0,6";"0,0";"0,0";"15,8";"0,0";"3,8";"5,8";"37,6";"13,6";"0,0";"1,1";"7,4";"0,0";"1,8";"34,9";"1,2";"3,2";"6,8";"8,8";"32,7";"16,0";"36,2";"1,6";"38,1";"0,3";1;1;1;1;1;1;1;1;1;1;1;1;1;1;1;1;1;1;1;1;1;1;1;1;1;1;1;1;1;1;1
1547006;1;01/11/1977;1;"40,8";"165,9";8;22;1;1;0;"1254,8";1;"0,0";"15,9";"7,5";"1,3";"7,3";"0,0";"0,0";"40,8";"4,1";"3,5";"0,2";"6,9";"2,6";"0,0";"0,0";"0,9";"0,0";"0,0";"4,8";"1,9";"0,2";"1,3";"0,5";"3,0";"26,9";"0,0";"0,2";"1,2";"8,1";"26,8";;1;1;1;1;1;1;1;1;1;1;1;1;1;1;1;1;1;1;1;1;1;1;1;1;1;1;1;1;1;1;0
1547006;1;01/10/1977;1;"74,3";"127,3";2;9;1;1;0;"1254,8";1;"4,8";"74,3";"0,8";"0,4";"3,4";"4,1";"0,0";"0,0";"0,0";"0,0";"0,0";"0,0";"0,0";"0,0";"0,0";"0,0";"0,0";"0,0";"0,0";"0,0";"0,0";"0,0";"0,0";"0,0";"11,0";"0,0";"0,0";"27,1";"1,4";"0,0";"0,0";1;1;1;1;1;1;1;1;1;1;1;1;1;1;1;1;1;1;1;1;1;1;1;1;1;1;1;1;1;1;1
1547006;1;01/09/1977;1;"17,2";"86,5";30;9;1;1;0;"1254,8";1;"0,0";"0,0";"13,3";"5,0";"0,1";"0,0";"0,0";"0,0";"0,0";"0,0";"0,0";"0,0";"0,0";"0,0";"0,0";"0,0";"0,0";"11,8";"0,0";"11,2";"0,0";"0,0";"7,3";"11,4";"9,2";"0,0";"0,0";"0,0";"0,0";"17,2";;1;1;1;1;1;1;1;1;1;1;1;1;1;1;1;1;1;1;1;1;1;1;1;1;1;1;1;1;1;1;0
1547006;1;01/08/1977;1;"0,4";"0,8";26;3;1;1;0;"1254,8";1;"0,0";"0,0";"0,0";"0,0";"0,0";"0,0";"0,0";"0,0";"0,0";"0,0";"0,0";"0,0";"0,0";"0,0";"0,0";"0,0";"0,0";"0,0";"0,0";"0,0";"0,0";"0,0";"0,0";"0,0";"0,0";"0,4";"0,2";"0,2";"0,0";"0,0";"0,0";1;1;1;1;1;1;1;1;1;1;1;1;1;1;1;1;1;1;1;1;1;1;1;1;1;1;1;1;1;1;1
1547006;1;01/07/1977;1;"0,0";"0,0";1;;1;1;0;"1254,8";1;"0,0";"0,0";"0,0";"0,0";"0,0";"0,0";"0,0";"0,0";"0,0";"0,0";"0,0";"0,0";"0,0";"0,0";"0,0";"0,0";"0,0";"0,0";"0,0";"0,0";"0,0";"0,0";"0,0";"0,0";"0,0";"0,0";"0,0";"0,0";"0,0";"0,0";"0,0";1;1;1;1;1;1;1;1;1;1;1;1;1;1;1;1;1;1;1;1;1;1;1;1;1;1;1;1;1;1;1
1547006;1;01/06/1977;1;"7,4";"15,2";7;4;1;1;0;"1254,8";1;"0,1";"7,2";"0,0";"0,0";"0,5";"0,0";"7,4";"0,0";"0,0";"0,0";"0,0";"0,0";"0,0";"0,0";"0,0";"0,0";"0,0";"0,0";"0,0";"0,0";"0,0";"0,0";"0,0";"0,0";"0,0";"0,0";"0,0";"0,0";"0,0";"0,0";;1;1;1;1;1;1;1;1;1;1;1;1;1;1;1;1;1;1;1;1;1;1;1;1;1;1;1;1;1;1;0
1547006;1;01/05/1977;1;"18,1";"41,0";9;6;1;1;0;"1254,8";1;"0,9";"1,6";"0,2";"0,0";"0,0";"0,0";"0,0";"0,0";"18,1";"0,0";"0,0";"0,0";"0,0";"0,0";"17,5";"2,7";"0,0";"0,0";"0,0";"0,0";"0,0";"0,0";"0,0";"0,0";"0,0";"0,0";"0,0";"0,0";"0,0";"0,0";"0,0";1;1;1;1;1;1;1;1;1;1;1;1;1;1;1;1;1;1;1;1;1;1;1;1;1;1;1;1;1;1;1
1547006;1;01/04/1977;1;"42,6";"131,5";20;13;1;1;0;"1254,8";1;"10,4";"11,0";"0,4";"6,3";"0,0";"0,0";"0,0";"7,4";"18,0";"0,0";"0,0";"0,0";"0,0";"0,0";"0,0";"0,0";"0,0";"0,1";"0,1";"42,6";"0,0";"0,4";"0,0";"22,2";"12,0";"0,0";"0,0";"0,0";"0,0";"0,6";;1;1;1;1;1;1;1;1;1;1;1;1;1;1;1;1;1;1;1;1;1;1;1;1;1;1;1;1;1;1;0
1547006;1;01/03/1977;1;"51,5";"165,8";30;10;1;1;0;"1254,8";1;"0,0";"0,0";"0,0";"0,0";"0,0";"0,0";"0,0";"0,0";"0,0";"0,0";"0,0";"0,0";"35,9";"0,0";"0,0";"0,0";"3,1";"14,9";"12,6";"4,0";"6,3";"0,0";"10,6";"0,0";"0,0";"0,0";"0,0";"0,0";"22,1";"51,5";"4,8";1;1;1;1;1;1;1;1;1;1;1;1;1;1;1;1;1;1;1;1;1;1;1;1;1;1;1;1;1;1;1
1547006;1;01/02/1977;1;"18,2";"45,5";2;8;1;1;0;"1254,8";1;"3,3";"18,2";"3,9";"5,0";"0,3";"0,0";"0,0";"0,0";"0,0";"0,0";"0,0";"0,0";"0,0";"0,0";"0,0";"0,0";"0,0";"0,0";"0,0";"0,0";"0,0";"4,6";"2,6";"7,6";"0,0";"0,0";"0,0";"0,0";;;;1;1;1;1;1;1;1;1;1;1;1;1;1;1;1;1;1;1;1;1;1;1;1;1;1;1;1;1;0;0;0
1547006;1;01/01/1977;1;"30,4";"201,3";21;24;1;1;0;"1254,8";1;"21,5";"21,8";"1,6";"0,0";"5,3";"0,2";"3,3";"0,0";"0,0";"0,0";"0,0";"0,0";"7,2";"7,7";"4,1";"1,2";"2,7";"0,7";"7,8";"7,1";"30,4";"0,1";"10,2";"0,0";"11,8";"0,4";"7,5";"5,5";"1,8";"23,1";"18,3";1;1;1;1;1;1;1;1;1;1;1;1;1;1;1;1;1;1;1;1;1;1;1;1;1;1;1;1;1;1;1
1547006;1;01/12/1976;1;"63,8";"361,8";8;25;1;1;0;"1345,0";1;"2,7";"5,9";"53,2";"22,3";"4,1";"16,9";"0,0";"63,8";"14,9";"13,8";"6,4";"3,5";"38,4";"30,4";"18,2";"1,6";"0,2";"0,0";"2,0";"0,4";"10,5";"16,4";"22,5";"9,5";"0,0";"0,0";"1,1";"2,6";"0,0";"0,5";"0,0";1;1;1;1;1;1;1;1;1;1;1;1;1;1;1;1;1;1;1;1;1;1;1;1;1;1;1;1;1;1;1
1547006;1;01/11/1976;1;"67,6";"287,1";7;22;1;1;0;"1345,0";1;"44,0";"7,6";"11,9";"2,5";"5,2";"2,1";"67,6";"1,5";"0,0";"0,0";"1,6";"10,1";"17,9";"0,0";"0,0";"0,0";"23,5";"18,2";"24,1";"3,8";"5,0";"0,0";"2,0";"0,0";"0,0";"1,3";"1,5";"19,9";"11,2";"4,6";;1;1;1;1;1;1;1;1;1;1;1;1;1;1;1;1;1;1;1;1;1;1;1;1;1;1;1;1;1;1;0
1547006;1;01/10/1976;1;"24,3";"108,0";6;16;1;1;0;"1345,0";1;"0,0";"0,2";"0,0";"0,0";"15,2";"24,3";"0,0";"0,3";"5,3";"0,0";"5,3";"0,0";"0,0";"0,0";"0,0";"0,0";"0,0";"0,3";"0,0";"6,6";"8,1";"8,4";"12,8";"2,3";"10,1";"0,6";"0,0";"4,2";"0,0";"0,0";"4,0";1;1;1;1;1;1;1;1;1;1;1;1;1;1;1;1;1;1;1;1;1;1;1;1;1;1;1;1;1;1;1
1547006;1;01/09/1976;1;"7,3";"28,9";14;9;1;1;0;"1345,0";1;"0,0";"0,0";"0,0";"0,0";"0,0";"0,0";"4,4";"0,0";"0,0";"6,1";"0,0";"0,0";"2,2";"7,3";"0,0";"1,2";"0,0";"0,0";"0,0";"0,0";"0,0";"0,0";"0,0";"0,0";"0,0";"1,1";"2,6";"3,2";"0,8";"0,0";;1;1;1;1;1;1;1;1;1;1;1;1;1;1;1;1;1;1;1;1;1;1;1;1;1;1;1;1;1;1;0
1547006;1;01/08/1976;1;"0,0";"0,0";1;;1;1;0;"1345,0";1;"0,0";"0,0";"0,0";"0,0";"0,0";"0,0";"0,0";"0,0";"0,0";"0,0";"0,0";"0,0";"0,0";"0,0";"0,0";"0,0";"0,0";"0,0";"0,0";"0,0";"0,0";"0,0";"0,0";"0,0";"0,0";"0,0";"0,0";"0,0";"0,0";"0,0";"0,0";1;1;1;1;1;1;1;1;1;1;1;1;1;1;1;1;1;1;1;1;1;1;1;1;1;1;1;1;1;1;1
1547006;1;01/07/1976;1;"0,0";"0,0";1;;1;1;0;"1345,0";1;"0,0";"0,0";"0,0";"0,0";"0,0";"0,0";"0,0";"0,0";"0,0";"0,0";"0,0";"0,0";"0,0";"0,0";"0,0";"0,0";"0,0";"0,0";"0,0";"0,0";"0,0";"0,0";"0,0";"0,0";"0,0";"0,0";"0,0";"0,0";"0,0";"0,0";"0,0";1;1;1;1;1;1;1;1;1;1;1;1;1;1;1;1;1;1;1;1;1;1;1;1;1;1;1;1;1;1;1
1547006;1;01/06/1976;1;"0,0";"0,0";1;;1;1;0;"1345,0";1;"0,0";"0,0";"0,0";"0,0";"0,0";"0,0";"0,0";"0,0";"0,0";"0,0";"0,0";"0,0";"0,0";"0,0";"0,0";"0,0";"0,0";"0,0";"0,0";"0,0";"0,0";"0,0";"0,0";"0,0";"0,0";"0,0";"0,0";"0,0";"0,0";"0,0";;1;1;1;1;1;1;1;1;1;1;1;1;1;1;1;1;1;1;1;1;1;1;1;1;1;1;1;1;1;1;0
1547006;1;01/05/1976;1;"10,6";"31,4";20;8;1;1;0;"1345,0";1;"0,0";"0,0";"0,0";"5,5";"0,3";"0,0";"0,0";"0,0";"0,0";"0,0";"0,0";"0,0";"5,8";"0,0";"4,0";"1,0";"0,0";"0,0";"0,0";"10,6";"3,9";"0,0";"0,0";"0,0";"0,0";"0,0";"0,0";"0,0";"0,0";"0,3";"0,0";1;1;1;1;1;1;1;1;1;1;1;1;1;1;1;1;1;1;1;1;1;1;1;1;1;1;1;1;1;1;1
1547006;1;01/04/1976;1;"21,2";"49,6";13;7;1;1;0;"1345,0";1;"0,0";"0,0";"0,0";"0,0";"0,0";"0,0";"0,1";"2,0";"9,9";"0,0";"0,0";"0,0";"21,2";"0,7";"0,0";"0,0";"0,0";"0,0";"0,0";"0,0";"0,0";"0,0";"0,0";"0,0";"0,0";"6,2";"0,0";"0,0";"9,5";"0,0";;1;1;1;1;1;1;1;1;1;1;1;1;1;1;1;1;1;1;1;1;1;1;1;1;1;1;1;1;1;1;0
1547006;1;01/03/1976;1;"41,8";"158,9";8;15;1;1;0;"1345,0";1;"10,5";"0,0";"0,0";"0,0";"0,0";"0,0";"0,0";"41,8";"2,6";"0,0";"4,6";"38,6";"11,0";"0,4";"0,6";"0,0";"0,0";"0,0";"0,2";"0,8";"4,2";"1,5";"13,2";"10,4";"0,0";"18,5";"0,0";"0,0";"0,0";"0,0";"0,0";1;1;1;1;1;1;1;1;1;1;1;1;1;1;1;1;1;1;1;1;1;1;1;1;1;1;1;1;1;1;1
1547006;1;01/02/1976;1;"50,9";"193,6";26;23;1;1;0;"1345,0";1;"0,0";"1,4";"0,7";"17,7";"11,0";"1,1";"0,1";"0,0";"0,7";"13,2";"3,2";"5,9";"0,0";"11,6";"4,0";"1,4";"0,4";"0,0";"0,0";"0,0";"0,2";"21,5";"1,4";"2,0";"15,3";"50,9";"7,7";"19,2";"3,0";;;1;1;1;1;1;1;1;1;1;1;1;1;1;1;1;1;1;1;1;1;1;1;1;1;1;1;1;1;1;0;0
1547006;1;01/01/1976;1;"25,1";"125,7";7;15;1;1;0;"1345,0";1;"10,1";"3,5";"15,1";"23,1";"4,4";"18,0";"25,1";"2,9";"0,0";"0,0";"0,0";"0,0";"0,0";"0,0";"1,6";"2,6";"0,0";"0,0";"0,0";"0,0";"0,0";"1,2";"5,5";"0,0";"0,0";"5,7";"0,0";"1,4";"0,0";"0,0";"5,5";1;1;1;1;1;1;1;1;1;1;1;1;1;1;1;1;1;1;1;1;1;1;1;1;1;1;1;1;1;1;1
1547006;1;01/12/1975;1;"51,9";"186,1";15;17;1;1;0;"1140,3";1;"1,2";"0,0";"0,0";"0,0";"0,0";"1,6";"0,0";"2,2";"0,0";"1,7";"0,0";"0,0";"0,0";"21,7";"51,9";"10,4";"10,2";"2,5";"0,0";"0,0";"0,0";"1,1";"15,8";"31,4";"0,0";"1,6";"12,6";"17,2";"0,0";"2,8";"0,2";1;1;1;1;1;1;1;1;1;1;1;1;1;1;1;1;1;1;1;1;1;1;1;1;1;1;1;1;1;1;1
1547006;1;01/11/1975;1;"33,3";"233,6";2;22;1;1;0;"1140,3";1;"0,0";"33,3";"7,8";"22,3";"1,4";"8,0";"31,1";"0,0";"0,0";"1,4";"0,2";"0,0";"31,6";"19,8";"1,0";"0,0";"14,8";"4,0";"32,7";"0,0";"0,0";"3,0";"1,0";"2,1";"1,4";"0,2";"0,2";"12,2";"0,0";"4,1";;1;1;1;1;1;1;1;1;1;1;1;1;1;1;1;1;1;1;1;1;1;1;1;1;1;1;1;1;1;1;0
1547006;1;01/10/1975;1;"16,9";"93,4";12;18;1;1;0;"1140,3";1;"0,0";"0,0";"0,0";"0,0";"0,2";"0,6";"0,0";"5,0";"0,8";"0,0";"6,2";"16,9";"0,0";"0,0";"1,4";"0,6";"4,6";"5,0";"0,4";"0,4";"0,0";"0,0";"0,0";"9,4";"3,0";"4,2";"7,5";"0,0";"0,0";"16,9";"10,3";1;1;1;1;1;1;1;1;1;1;1;1;1;1;1;1;1;1;1;1;1;1;1;1;1;1;1;1;1;1;1
1547006;1;01/09/1975;1;"2,7";"7,3";25;4;1;1;0;"1140,3";1;"0,0";"0,0";"0,0";"0,0";"0,0";"0,0";"0,0";"0,0";"0,0";"0,0";"0,0";"0,0";"0,0";"0,0";"0,0";"0,0";"0,0";"0,0";"0,0";"0,0";"0,0";"0,0";"0,0";"1,2";"2,7";"2,1";"1,3";"0,0";"0,0";"0,0";;1;1;1;1;1;1;1;1;1;1;1;1;1;1;1;1;1;1;1;1;1;1;1;1;1;1;1;1;1;1;0
1547006;1;01/08/1975;1;"0,0";"0,0";1;;1;1;0;"1140,3";1;"0,0";"0,0";"0,0";"0,0";"0,0";"0,0";"0,0";"0,0";"0,0";"0,0";"0,0";"0,0";"0,0";"0,0";"0,0";"0,0";"0,0";"0,0";"0,0";"0,0";"0,0";"0,0";"0,0";"0,0";"0,0";"0,0";"0,0";"0,0";"0,0";"0,0";"0,0";1;1;1;1;1;1;1;1;1;1;1;1;1;1;1;1;1;1;1;1;1;1;1;1;1;1;1;1;1;1;1
1547006;1;01/07/1975;1;"17,5";"27,1";1;4;1;1;0;"1140,3";1;"17,5";"0,0";"0,0";"0,0";"5,6";"0,0";"0,0";"0,0";"0,0";"0,0";"0,0";"0,0";"0,0";"0,0";"0,0";"0,0";"0,0";"0,0";"0,7";"3,3";"0,0";"0,0";"0,0";"0,0";"0,0";"0,0";"0,0";"0,0";"0,0";"0,0";"0,0";1;1;1;1;1;1;1;1;1;1;1;1;1;1;1;1;1;1;1;1;1;1;1;1;1;1;1;1;1;1;1
1547006;1;01/06/1975;1;"2,4";"2,4";30;1;1;1;0;"1140,3";1;"0,0";"0,0";"0,0";"0,0";"0,0";"0,0";"0,0";"0,0";"0,0";"0,0";"0,0";"0,0";"0,0";"0,0";"0,0";"0,0";"0,0";"0,0";"0,0";"0,0";"0,0";"0,0";"0,0";"0,0";"0,0";"0,0";"0,0";"0,0";"0,0";"2,4";;1;1;1;1;1;1;1;1;1;1;1;1;1;1;1;1;1;1;1;1;1;1;1;1;1;1;1;1;1;1;0
1547006;1;01/05/1975;1;"9,0";"14,1";18;4;1;1;0;"1140,3";1;"0,0";"0,0";"0,0";"0,0";"0,0";"0,0";"0,8";"0,0";"0,0";"0,0";"0,0";"0,0";"0,0";"0,0";"0,0";"0,7";"3,6";"9,0";"0,0";"0,0";"0,0";"0,0";"0,0";"0,0";"0,0";"0,0";"0,0";"0,0";"0,0";"0,0";"0,0";1;1;1;1;1;1;1;1;1;1;1;1;1;1;1;1;1;1;1;1;1;1;1;1;1;1;1;1;1;1;1
1547006;1;01/04/1975;1;"55,2";"125,3";15;15;1;1;0;"1140,3";1;"8,0";"5,6";"6,0";"5,6";"1,0";"0,0";"0,0";"9,4";"1,6";"0,8";"0,0";"3,3";"3,5";"0,3";"55,2";"6,3";"17,1";"0,0";"0,0";"1,6";"0,0";"0,0";"0,0";"0,0";"0,0";"0,0";"0,0";"0,0";"0,0";"0,0";;1;1;1;1;1;1;1;1;1;1;1;1;1;1;1;1;1;1;1;1;1;1;1;1;1;1;1;1;1;1;0
1547006;1;01/03/1975;1;"22,2";"49,2";31;7;1;1;0;"1140,3";1;"0,0";"0,0";"0,0";"0,0";"0,0";"0,0";"0,0";"0,0";"0,0";"0,0";"0,0";"0,0";"0,0";"0,0";"0,0";"0,0";"1,0";"0,0";"0,0";"0,0";"1,0";"0,0";"0,0";"0,0";"0,0";"0,4";"15,6";"2,0";"7,0";"0,0";"22,2";1;1;1;1;1;1;1;1;1;1;1;1;1;1;1;1;1;1;1;1;1;1;1;1;1;1;1;1;1;1;1
1547006;1;01/02/1975;1;"36,6";"194,2";24;20;1;1;0;"1140,3";1;"1,1";"0,8";"5,1";"1,7";"1,6";"5,6";"26,5";"1,2";"0,0";"15,1";"4,6";"0,0";"6,4";"0,0";"0,0";"26,8";"0,6";"0,0";"25,0";"11,2";"0,9";"0,0";"12,4";"36,6";"10,8";"0,2";"0,0";"0,0";;;;1;1;1;1;1;1;1;1;1;1;1;1;1;1;1;1;1;1;1;1;1;1;1;1;1;1;1;1;0;0;0
1547006;1;01/01/1975;1;"35,5";"207,6";2;18;1;1;0;"1140,3";1;"1,8";"35,5";"2,6";"12,7";"28,8";"9,2";"18,6";"11,8";"0,1";"0,0";"4,2";"0,0";"2,6";"0,0";"0,0";"0,0";"0,9";"3,2";"16,8";"8,3";"20,8";"0,0";"0,0";"0,0";"15,0";"14,7";"0,0";"0,0";"0,0";"0,0";"0,0";1;1;1;1;1;1;1;1;1;1;1;1;1;1;1;1;1;1;1;1;1;1;1;1;1;1;1;1;1;1;1
1547006;1;01/12/1974;1;"30,1";"173,7";8;20;1;1;0;"1155,3";1;"0,0";"0,0";"0,0";"19,3";"1,1";"6,2";"21,2";"30,1";"0,0";"21,6";"3,9";"3,0";"0,0";"0,3";"3,9";"2,6";"0,0";"10,4";"13,4";"0,0";"0,0";"4,2";"13,6";"1,7";"1,1";"1,1";"0,0";"0,0";"14,1";"0,9";"0,0";1;1;1;1;1;1;1;1;1;1;1;1;1;1;1;1;1;1;1;1;1;1;1;1;1;1;1;1;1;1;1
1547006;1;01/11/1974;1;"35,9";"171,8";14;13;1;1;0;"1155,3";1;"0,0";"0,0";"0,0";"0,0";"0,0";"9,6";"1,0";"0,0";"4,5";"0,0";"7,6";"0,0";"21,9";"35,9";"20,7";"0,0";"32,9";"3,8";"0,0";"0,0";"0,0";"0,1";"26,4";"0,0";"0,0";"0,0";"0,0";"6,9";"0,5";"0,0";;1;1;1;1;1;1;1;1;1;1;1;1;1;1;1;1;1;1;1;1;1;1;1;1;1;1;1;1;1;1;0
1547006;1;01/10/1974;1;"34,6";"130,2";6;15;1;1;0;"1155,3";1;"0,0";"0,0";"0,0";"20,4";"0,7";"34,6";"1,4";"0,0";"24,6";"0,0";"0,0";"16,1";"0,0";"0,0";"2,4";"0,1";"0,3";"0,2";"0,0";"0,2";"0,4";"0,0";"20,4";"0,0";"1,2";"0,0";"0,0";"0,0";"0,0";"0,0";"7,2";1;1;1;1;1;1;1;1;1;1;1;1;1;1;1;1;1;1;1;1;1;1;1;1;1;1;1;1;1;1;1
1547006;1;01/09/1974;1;"0,1";"0,1";20;1;1;1;0;"1155,3";1;"0,0";"0,0";"0,0";"0,0";"0,0";"0,0";"0,0";"0,0";"0,0";"0,0";"0,0";"0,0";"0,0";"0,0";"0,0";"0,0";"0,0";"0,0";"0,0";"0,1";"0,0";"0,0";"0,0";"0,0";"0,0";"0,0";"0,0";"0,0";"0,0";"0,0";;1;1;1;1;1;1;1;1;1;1;1;1;1;1;1;1;1;1;1;1;1;1;1;1;1;1;1;1;1;1;0
1547006;1;01/08/1974;1;"24,6";"35,5";13;2;1;1;0;"1155,3";1;"0,0";"0,0";"0,0";"0,0";"0,0";"0,0";"0,0";"0,0";"0,0";"0,0";"0,0";"0,0";"24,6";"10,9";"0,0";"0,0";"0,0";"0,0";"0,0";"0,0";"0,0";"0,0";"0,0";"0,0";"0,0";"0,0";"0,0";"0,0";"0,0";"0,0";"0,0";1;1;1;1;1;1;1;1;1;1;1;1;1;1;1;1;1;1;1;1;1;1;1;1;1;1;1;1;1;1;1
1547006;1;01/07/1974;1;"0,0";"0,0";1;;1;1;0;"1155,3";1;"0,0";"0,0";"0,0";"0,0";"0,0";"0,0";"0,0";"0,0";"0,0";"0,0";"0,0";"0,0";"0,0";"0,0";"0,0";"0,0";"0,0";"0,0";"0,0";"0,0";"0,0";"0,0";"0,0";"0,0";"0,0";"0,0";"0,0";"0,0";"0,0";"0,0";"0,0";1;1;1;1;1;1;1;1;1;1;1;1;1;1;1;1;1;1;1;1;1;1;1;1;1;1;1;1;1;1;1
1547006;1;01/06/1974;1;"0,6";"0,6";23;1;1;1;0;"1155,3";1;"0,0";"0,0";"0,0";"0,0";"0,0";"0,0";"0,0";"0,0";"0,0";"0,0";"0,0";"0,0";"0,0";"0,0";"0,0";"0,0";"0,0";"0,0";"0,0";"0,0";"0,0";"0,0";"0,6";"0,0";"0,0";"0,0";"0,0";"0,0";"0,0";"0,0";;1;1;1;1;1;1;1;1;1;1;1;1;1;1;1;1;1;1;1;1;1;1;1;1;1;1;1;1;1;1;0
1547006;1;01/05/1974;1;"2,0";"5,4";8;4;1;1;0;"1155,3";1;"0,0";"0,0";"0,0";"0,6";"0,0";"0,0";"1,4";"2,0";"0,0";"0,0";"0,0";"0,0";"0,0";"0,0";"0,0";"0,0";"0,0";"0,0";"0,0";"0,0";"0,0";"0,0";"0,0";"0,0";"0,0";"0,0";"0,0";"0,0";"1,4";"0,0";"0,0";1;1;1;1;1;1;1;1;1;1;1;1;1;1;1;1;1;1;1;1;1;1;1;1;1;1;1;1;1;1;1
1547006;1;01/04/1974;1;"40,7";"103,2";14;14;1;1;0;"1155,3";1;"4,0";"0,0";"7,2";"10,8";"0,0";"0,0";"0,0";"0,0";"2,0";"2,4";"0,0";"2,6";"11,4";"40,7";"3,8";"0,0";"0,0";"2,6";"0,0";"0,0";"0,0";"0,0";"0,0";"0,0";"3,8";"1,8";"8,4";"1,7";"0,0";"0,0";;1;1;1;1;1;1;1;1;1;1;1;1;1;1;1;1;1;1;1;1;1;1;1;1;1;1;1;1;1;1;0
1547006;1;01/03/1974;1;"49,2";"352,9";12;28;1;1;0;"1155,3";1;"0,0";"0,0";"15,2";"7,7";"18,0";"1,2";"3,0";"25,8";"12,2";"6,0";"18,4";"49,2";"2,4";"8,3";"25,8";"7,7";"3,0";"25,7";"5,7";"24,2";"3,9";"4,3";"3,8";"1,8";"21,0";"14,2";"16,1";"18,3";"9,0";"0,0";"1,0";1;1;1;1;1;1;1;1;1;1;1;1;1;1;1;1;1;1;1;1;1;1;1;1;1;1;1;1;1;1;1
1547006;1;01/02/1974;1;"21,4";"74,7";2;10;1;1;0;"1155,3";1;"0,1";"21,4";"0,0";"0,0";"0,0";"0,0";"0,0";"0,0";"0,0";"8,4";"2,9";"0,0";"10,1";"0,3";"3,1";"0,0";"0,0";"0,0";"0,0";"0,0";"0,0";"0,0";"0,0";"12,8";"3,2";"0,0";"12,4";"0,0";;;;1;1;1;1;1;1;1;1;1;1;1;1;1;1;1;1;1;1;1;1;1;1;1;1;1;1;1;1;0;0;0
1547006;1;01/01/1974;1;"30,4";"107,2";26;20;1;1;0;"1155,3";1;"0,0";"1,2";"0,0";"0,1";"0,0";"0,0";"2,2";"8,0";"0,0";"0,4";"9,2";"0,0";"7,3";"0,3";"7,7";"1,0";"0,3";"0,0";"0,0";"6,7";"5,5";"0,0";"20,0";"0,4";"0,0";"30,4";"0,1";"0,2";"0,0";"0,6";"5,6";1;1;1;1;1;1;1;1;1;1;1;1;1;1;1;1;1;1;1;1;1;1;1;1;1;1;1;1;1;1;1
1547006;1;01/12/1973;1;"71,5";"216,1";16;17;1;1;0;"1758,8";1;"0,2";"0,3";"0,7";"0,3";"8,3";"0,0";"0,0";"0,0";"13,6";"0,0";"0,0";"0,0";"0,0";"0,4";"16,5";"71,5";"32,1";"39,8";"3,7";"0,0";"19,9";"0,0";"0,1";"0,0";"2,9";"3,1";"2,7";"0,0";"0,0";"0,0";"0,0";1;1;1;1;1;1;1;1;1;1;1;1;1;1;1;1;1;1;1;1;1;1;1;1;1;1;1;1;1;1;1
1547006;1;01/11/1973;1;"62,2";"349,8";22;21;1;1;0;"1758,8";1;"0,0";"6,1";"8,3";"9,7";"0,0";"3,7";"0,0";"0,0";"0,0";"0,0";"19,7";"7,5";"14,1";"0,2";"55,9";"0,1";"0,0";"0,0";"0,8";"39,2";"6,5";"62,2";"34,5";"8,1";"2,3";"0,0";"47,2";"7,8";"15,3";"0,6";;1;1;1;1;1;1;1;1;1;1;1;1;1;1;1;1;1;1;1;1;1;1;1;1;1;1;1;1;1;1;0
1547006;1;01/10/1973;1;"41,5";"295,4";15;20;1;1;0;"1758,8";1;"5,1";"0,0";"0,0";"0,0";"0,0";"0,0";"4,4";"8,3";"4,5";"0,0";"0,0";"38,9";"2,3";"1,8";"41,5";"8,4";"39,6";"21,6";"11,9";"0,0";"0,0";"9,8";"0,0";"37,3";"2,9";"5,2";"20,5";"7,1";"19,6";"0,0";"4,7";1;1;1;1;1;1;1;1;1;1;1;1;1;1;1;1;1;1;1;1;1;1;1;1;1;1;1;1;1;1;1
1547006;1;01/09/1973;1;"31,2";"94,4";30;8;1;1;0;"1758,8";1;"0,1";"2,3";"0,0";"0,0";"0,0";"0,0";"0,0";"0,0";"0,0";"0,0";"0,0";"0,0";"0,0";"0,0";"0,0";"0,0";"0,0";"0,0";"0,0";"0,0";"0,0";"0,0";"17,0";"0,0";"19,2";"0,0";"17,1";"2,0";"5,5";"31,2";;1;1;1;1;1;1;1;1;1;1;1;1;1;1;1;1;1;1;1;1;1;1;1;1;1;1;1;1;1;1;0
1547006;1;01/08/1973;1;"0,0";"0,0";1;;1;1;0;"1758,8";1;"0,0";"0,0";"0,0";"0,0";"0,0";"0,0";"0,0";"0,0";"0,0";"0,0";"0,0";"0,0";"0,0";"0,0";"0,0";"0,0";"0,0";"0,0";"0,0";"0,0";"0,0";"0,0";"0,0";"0,0";"0,0";"0,0";"0,0";"0,0";"0,0";"0,0";"0,0";1;1;1;1;1;1;1;1;1;1;1;1;1;1;1;1;1;1;1;1;1;1;1;1;1;1;1;1;1;1;1
1547006;1;01/07/1973;1;"0,0";"0,0";1;;1;1;0;"1758,8";1;"0,0";"0,0";"0,0";"0,0";"0,0";"0,0";"0,0";"0,0";"0,0";"0,0";"0,0";"0,0";"0,0";"0,0";"0,0";"0,0";"0,0";"0,0";"0,0";"0,0";"0,0";"0,0";"0,0";"0,0";"0,0";"0,0";"0,0";"0,0";"0,0";"0,0";"0,0";1;1;1;1;1;1;1;1;1;1;1;1;1;1;1;1;1;1;1;1;1;1;1;1;1;1;1;1;1;1;1
1547006;1;01/06/1973;1;"23,5";"36,6";28;3;1;1;0;"1758,8";1;"0,0";"0,0";"0,0";"0,0";"0,0";"0,0";"0,0";"0,0";"0,0";"0,0";"0,0";"0,0";"0,0";"0,0";"0,0";"0,0";"0,0";"0,0";"0,0";"0,0";"0,0";"0,0";"0,0";"0,0";"0,0";"3,3";"9,8";"23,5";"0,0";"0,0";;1;1;1;1;1;1;1;1;1;1;1;1;1;1;1;1;1;1;1;1;1;1;1;1;1;1;1;1;1;1;0
1547006;1;01/05/1973;1;"12,7";"24,4";10;4;1;1;0;"1758,8";1;"0,0";"0,0";"0,0";"0,0";"0,0";"4,7";"0,0";"0,0";"0,0";"12,7";"0,0";"0,0";"0,0";"0,0";"0,0";"0,0";"0,0";"0,0";"0,0";"0,0";"0,0";"0,2";"6,8";"0,0";"0,0";"0,0";"0,0";"0,0";"0,0";"0,0";"0,0";1;1;1;1;1;1;1;1;1;1;1;1;1;1;1;1;1;1;1;1;1;1;1;1;1;1;1;1;1;1;1
1547006;1;01/04/1973;1;"59,2";"96,3";14;6;1;1;0;"1758,8";1;"18,9";"0,0";"0,0";"0,0";"0,0";"0,0";"0,0";"0,0";"0,0";"4,3";"1,0";"0,0";"11,8";"59,2";"0,0";"1,1";"0,0";"0,0";"0,0";"0,0";"0,0";"0,0";"0,0";"0,0";"0,0";"0,0";"0,0";"0,0";"0,0";"0,0";;1;1;1;1;1;1;1;1;1;1;1;1;1;1;1;1;1;1;1;1;1;1;1;1;1;1;1;1;1;1;0
1547006;1;01/03/1973;1;"55,7";"258,0";30;21;1;1;0;"1758,8";1;"0,0";"3,2";"12,5";"0,2";"0,0";"0,0";"9,0";"38,6";"0,0";"1,3";"15,0";"9,7";"2,7";"0,5";"6,9";"0,0";"0,6";"0,0";"0,0";"0,0";"0,0";"3,5";"26,0";"1,1";"24,6";"0,1";"0,0";"32,9";"4,0";"55,7";"9,9";1;1;1;1;1;1;1;1;1;1;1;1;1;1;1;1;1;1;1;1;1;1;1;1;1;1;1;1;1;1;1
1547006;1;01/02/1973;1;"40,6";"231,3";1;19;1;1;0;"1758,8";1;"40,6";"3,7";"16,8";"0,9";"0,0";"1,0";"3,1";"8,1";"5,3";"0,0";"0,0";"0,0";"18,2";"4,2";"9,6";"27,5";"0,0";"0,0";"8,4";"1,1";"5,6";"32,9";"37,6";"0,0";"0,0";"2,2";"0,0";"4,5";;;;1;1;1;1;1;1;1;1;1;1;1;1;1;1;1;1;1;1;1;1;1;1;1;1;1;1;1;1;0;0;0
1547006;1;01/01/1973;1;"23,9";"156,5";9;16;1;1;0;"1758,8";1;"0,0";"0,2";"0,0";"0,0";"0,0";"0,0";"0,0";"0,0";"23,9";"0,0";"0,0";"0,0";"0,0";"8,3";"0,6";"23,5";"3,7";"11,4";"21,0";"0,2";"18,8";"0,1";"0,0";"4,1";"0,0";"0,0";"0,0";"11,5";"2,6";"14,4";"12,2";1;1;1;1;1;1;1;1;1;1;1;1;1;1;1;1;1;1;1;1;1;1;1;1;1;1;1;1;1;1;1
1547006;1;01/12/1972;1;"70,4";"357,9";21;20;1;1;0;"1101,9";1;"0,0";"0,0";"0,0";"0,0";"0,0";"0,0";"30,8";"0,0";"14,3";"15,0";"0,6";"0,5";"0,5";"0,0";"53,8";"2,6";"9,0";"9,4";"9,5";"34,5";"70,4";"32,9";"31,8";"3,8";"5,9";"8,8";"17,3";"0,0";"0,0";"0,0";"6,5";1;1;1;1;1;1;1;1;1;1;1;1;1;1;1;1;1;1;1;1;1;1;1;1;1;1;1;1;1;1;1
1547006;1;01/11/1972;1;"40,2";"208,4";22;18;1;1;0;"1101,9";1;"0,0";"15,4";"0,0";"7,3";"3,0";"0,0";"1,8";"0,1";"8,6";"0,0";"29,3";"25,3";"8,9";"4,1";"0,0";"0,0";"28,9";"14,4";"0,0";"0,4";"0,0";"40,2";"0,5";"2,8";"0,0";"17,3";"0,0";"0,0";"0,1";"0,0";;1;1;1;1;1;1;1;1;1;1;1;1;1;1;1;1;1;1;1;1;1;1;1;1;1;1;1;1;1;1;0
1547006;1;01/10/1972;1;"35,4";"81,1";15;13;1;1;0;"1101,9";1;"1,7";"8,8";"0,0";"0,0";"2,4";"2,5";"0,4";"0,0";"5,3";"0,0";"0,0";"0,7";"0,0";"3,5";"35,4";"0,0";"9,5";"0,0";"0,0";"0,0";"0,0";"0,0";"0,0";"0,0";"0,0";"0,0";"0,0";"4,4";"0,0";"3,1";"3,4";1;1;1;1;1;1;1;1;1;1;1;1;1;1;1;1;1;1;1;1;1;1;1;1;1;1;1;1;1;1;1
1547006;1;01/09/1972;1;"6,7";"20,8";14;9;1;1;0;"1101,9";1;"0,0";"3,5";"0,0";"0,0";"0,1";"0,0";"0,0";"0,0";"0,0";"0,0";"0,7";"0,3";"2,0";"6,7";"0,0";"0,0";"0,0";"0,0";"0,0";"0,0";"0,0";"0,0";"0,0";"0,0";"0,0";"0,0";"0,4";"0,0";"5,1";"2,0";;1;1;1;1;1;1;1;1;1;1;1;1;1;1;1;1;1;1;1;1;1;1;1;1;1;1;1;1;1;1;0
1547006;1;01/08/1972;1;"0,7";"1,0";4;2;1;1;0;"1101,9";1;"0,0";"0,3";"0,0";"0,7";"0,0";"0,0";"0,0";"0,0";"0,0";"0,0";"0,0";"0,0";"0,0";"0,0";"0,0";"0,0";"0,0";"0,0";"0,0";"0,0";"0,0";"0,0";"0,0";"0,0";"0,0";"0,0";"0,0";"0,0";"0,0";"0,0";"0,0";1;1;1;1;1;1;1;1;1;1;1;1;1;1;1;1;1;1;1;1;1;1;1;1;1;1;1;1;1;1;1
1547006;1;01/07/1972;1;"7,0";"7,5";13;2;1;1;0;"1101,9";1;"0,0";"0,0";"0,0";"0,0";"0,0";"0,0";"0,0";"0,0";"0,0";"0,0";"0,0";"0,0";"7,0";"0,0";"0,0";"0,0";"0,0";"0,0";"0,0";"0,0";"0,0";"0,0";"0,0";"0,0";"0,0";"0,0";"0,0";"0,0";"0,0";"0,0";"0,5";1;1;1;1;1;1;1;1;1;1;1;1;1;1;1;1;1;1;1;1;1;1;1;1;1;1;1;1;1;1;1
1547006;1;01/06/1972;1;"0,0";"0,0";1;;1;1;0;"1101,9";1;"0,0";"0,0";"0,0";"0,0";"0,0";"0,0";"0,0";"0,0";"0,0";"0,0";"0,0";"0,0";"0,0";"0,0";"0,0";"0,0";"0,0";"0,0";"0,0";"0,0";"0,0";"0,0";"0,0";"0,0";"0,0";"0,0";"0,0";"0,0";"0,0";"0,0";;1;1;1;1;1;1;1;1;1;1;1;1;1;1;1;1;1;1;1;1;1;1;1;1;1;1;1;1;1;1;0
1547006;1;01/05/1972;1;"25,9";"38,4";25;4;1;1;0;"1101,9";1;"0,0";"0,0";"0,0";"0,0";"0,0";"0,0";"0,0";"0,0";"0,0";"0,0";"0,0";"0,0";"0,0";"0,0";"0,0";"7,8";"0,0";"0,0";"0,0";"0,0";"0,0";"0,0";"0,0";"3,6";"25,9";"1,1";"0,0";"0,0";"0,0";"0,0";"0,0";1;1;1;1;1;1;1;1;1;1;1;1;1;1;1;1;1;1;1;1;1;1;1;1;1;1;1;1;1;1;1
1547006;1;01/04/1972;1;"44,4";"133,1";10;14;1;1;0;"1101,9";1;"0,0";"1,3";"4,2";"4,9";"0,5";"7,3";"9,3";"28,1";"5,1";"44,4";"14,7";"3,6";"2,6";"0,0";"3,0";"0,0";"0,0";"0,0";"0,0";"0,0";"0,0";"0,0";"0,0";"0,0";"0,0";"0,0";"0,0";"0,0";"0,0";"4,1";;1;1;1;1;1;1;1;1;1;1;1;1;1;1;1;1;1;1;1;1;1;1;1;1;1;1;1;1;1;1;0
1547006;1;01/03/1972;1;"45,1";"107,1";11;15;1;1;0;"1101,9";1;"0,0";"0,0";"0,0";"0,9";"0,0";"0,0";"0,5";"0,0";"13,4";"1,2";"45,1";"0,8";"0,4";"0,0";"0,0";"0,0";"0,0";"31,7";"0,3";"0,0";"0,7";"6,8";"3,7";"0,0";"0,0";"0,0";"0,0";"0,1";"0,1";"0,0";"1,4";1;1;1;1;1;1;1;1;1;1;1;1;1;1;1;1;1;1;1;1;1;1;1;1;1;1;1;1;1;1;1
1547006;1;01/02/1972;1;"33,8";"115,9";3;19;1;1;0;"1101,9";1;"11,5";"4,1";"33,8";"0,0";"2,3";"0,0";"0,0";"0,0";"0,5";"0,0";"3,3";"0,8";"2,3";"1,5";"4,9";"9,1";"3,7";"14,3";"5,3";"0,8";"0,0";"9,0";"0,0";"5,2";"0,0";"0,0";"1,3";"0,0";"2,2";;;1;1;1;1;1;1;1;1;1;1;1;1;1;1;1;1;1;1;1;1;1;1;1;1;1;1;1;1;1;0;0
1547006;1;01/01/1972;1;"17,2";"30,7";19;12;1;1;0;"1101,9";1;"0,0";"0,0";"0,0";"0,0";"3,4";"0,3";"0,3";"0,0";"0,5";"0,0";"0,0";"0,0";"0,5";"0,0";"0,0";"0,0";"0,0";"0,2";"17,2";"0,0";"0,0";"0,0";"1,4";"1,0";"0,3";"5,1";"0,0";"0,5";"0,0";"0,0";"0,0";1;1;1;1;1;1;1;1;1;1;1;1;1;1;1;1;1;1;1;1;1;1;1;1;1;1;1;1;1;1;1
1547006;1;01/12/1971;1;"48,5";"313,5";26;23;1;1;0;"1363,3";1;"9,4";"0,0";"3,8";"8,6";"9,8";"26,7";"24,2";"6,1";"9,9";"15,3";"2,5";"2,2";"5,6";"4,9";"7,9";"33,4";"1,8";"0,0";"32,4";"15,3";"0,0";"17,9";"6,6";"14,2";"6,5";"48,5";"0,0";"0,0";"0,0";"0,0";"0,0";1;1;1;1;1;1;1;1;1;1;1;1;1;1;1;1;1;1;1;1;1;1;1;1;1;1;1;1;1;1;1
1547006;1;01/11/1971;1;"44,0";"277,4";18;22;1;1;0;"1363,3";1;"8,2";"6,3";"12,5";"0,0";"0,5";"4,1";"0,0";"0,0";"1,5";"3,0";"0,0";"10,3";"19,4";"29,7";"33,4";"2,2";"0,0";"44,0";"3,6";"14,1";"43,0";"21,2";"8,4";"5,5";"2,2";"0,0";"3,5";"0,0";"0,0";"0,8";;1;1;1;1;1;1;1;1;1;1;1;1;1;1;1;1;1;1;1;1;1;1;1;1;1;1;1;1;1;1;0
1547006;1;01/10/1971;1;"28,3";"154,4";11;23;1;1;0;"1363,3";1;"7,6";"10,1";"0,5";"0,0";"0,7";"0,0";"0,0";"2,0";"14,2";"0,5";"28,3";"0,2";"7,0";"0,0";"1,2";"0,0";"0,3";"1,1";"10,8";"0,0";"0,0";"10,4";"0,2";"0,2";"0,0";"9,5";"11,2";"7,1";"0,7";"13,3";"17,3";1;1;1;1;1;1;1;1;1;1;1;1;1;1;1;1;1;1;1;1;1;1;1;1;1;1;1;1;1;1;1
1547006;1;01/09/1971;1;"27,2";"60,2";11;9;1;1;0;"1363,3";1;"0,0";"0,0";"0,0";"0,0";"0,0";"0,0";"0,0";"0,0";"0,0";"0,0";"27,2";"0,1";"4,9";"2,0";"0,0";"0,0";"0,0";"0,0";"0,0";"0,0";"0,0";"0,0";"0,0";"9,2";"8,4";"0,0";"5,4";"0,9";"2,1";"0,0";;1;1;1;1;1;1;1;1;1;1;1;1;1;1;1;1;1;1;1;1;1;1;1;1;1;1;1;1;1;1;0
1547006;1;01/08/1971;1;"3,7";"3,7";2;1;1;1;0;"1363,3";1;"0,0";"3,7";"0,0";"0,0";"0,0";"0,0";"0,0";"0,0";"0,0";"0,0";"0,0";"0,0";"0,0";"0,0";"0,0";"0,0";"0,0";"0,0";"0,0";"0,0";"0,0";"0,0";"0,0";"0,0";"0,0";"0,0";"0,0";"0,0";"0,0";"0,0";"0,0";1;1;1;1;1;1;1;1;1;1;1;1;1;1;1;1;1;1;1;1;1;1;1;1;1;1;1;1;1;1;1
1547006;1;01/07/1971;1;"35,5";"44,5";30;3;1;1;0;"1363,3";1;"0,0";"0,0";"0,0";"0,0";"0,0";"0,0";"0,0";"0,0";"0,0";"0,0";"0,0";"0,0";"0,0";"0,0";"0,0";"0,0";"0,0";"0,0";"0,0";"0,0";"0,0";"0,0";"0,0";"0,0";"0,0";"0,0";"2,0";"0,0";"0,0";"35,5";"7,0";1;1;1;1;1;1;1;1;1;1;1;1;1;1;1;1;1;1;1;1;1;1;1;1;1;1;1;1;1;1;1
1547006;1;01/06/1971;1;"8,9";"19,3";16;4;1;1;0;"1363,3";1;"0,0";"0,0";"0,0";"0,0";"0,0";"0,0";"0,0";"0,0";"0,0";"0,0";"0,0";"0,0";"6,2";"2,4";"0,0";"8,9";"1,8";"0,0";"0,0";"0,0";"0,0";"0,0";"0,0";"0,0";"0,0";"0,0";"0,0";"0,0";"0,0";"0,0";;1;1;1;1;1;1;1;1;1;1;1;1;1;1;1;1;1;1;1;1;1;1;1;1;1;1;1;1;1;1;0
1547006;1;01/05/1971;1;"49,7";"71,2";17;6;1;1;0;"1363,3";1;"0,0";"0,0";"0,0";"0,0";"0,0";"0,0";"0,0";"0,0";"0,0";"0,0";"0,0";"0,0";"0,0";"0,0";"0,0";"0,0";"49,7";"14,5";"0,2";"0,0";"0,0";"0,0";"0,0";"0,0";"0,0";"5,4";"1,2";"0,2";"0,0";"0,0";"0,0";1;1;1;1;1;1;1;1;1;1;1;1;1;1;1;1;1;1;1;1;1;1;1;1;1;1;1;1;1;1;1
1547006;1;01/04/1971;1;"25,3";"89,5";7;10;1;1;0;"1363,3";1;"0,0";"0,0";"0,0";"0,0";"0,0";"15,1";"25,3";"11,4";"0,0";"0,0";"13,3";"0,0";"0,5";"0,0";"0,0";"0,5";"0,0";"2,6";"0,0";"10,3";"10,2";"0,3";"0,0";"0,0";"0,0";"0,0";"0,0";"0,0";"0,0";"0,0";;1;1;1;1;1;1;1;1;1;1;1;1;1;1;1;1;1;1;1;1;1;1;1;1;1;1;1;1;1;1;0
1547006;1;01/03/1971;1;"24,5";"106,4";2;14;1;1;0;"1363,3";1;"0,0";"24,5";"5,8";"0,0";"0,0";"0,5";"3,2";"2,6";"6,6";"10,3";"0,0";"0,0";"0,0";"0,0";"0,0";"0,0";"0,0";"0,0";"0,0";"7,4";"3,9";"0,0";"8,4";"0,0";"0,0";"0,0";"2,7";"3,0";"21,0";"6,5";"0,0";1;1;1;1;1;1;1;1;1;1;1;1;1;1;1;1;1;1;1;1;1;1;1;1;1;1;1;1;1;1;1
1547006;1;01/02/1971;1;"53,1";"142,2";10;17;1;1;0;"1363,3";1;"0,0";"0,0";"0,0";"0,0";"0,0";"10,9";"11,0";"1,4";"9,5";"53,1";"0,7";"0,0";"4,6";"6,5";"10,1";"0,9";"1,8";"16,2";"14,1";"0,0";"0,0";"0,0";"0,6";"0,0";"0,0";"0,1";"0,6";"0,1";;;;1;1;1;1;1;1;1;1;1;1;1;1;1;1;1;1;1;1;1;1;1;1;1;1;1;1;1;1;0;0;0
1547006;1;01/01/1971;1;"14,3";"81,0";19;11;1;1;0;"1363,3";1;"0,0";"0,0";"0,0";"1,4";"13,5";"0,1";"0,0";"3,0";"0,0";"0,0";"0,0";"0,0";"0,0";"13,8";"3,8";"4,1";"3,4";"0,0";"14,3";"0,0";"9,8";"0,0";"0,0";"0,0";"0,0";"0,0";"0,0";"13,8";"0,0";"0,0";"0,0";1;1;1;1;1;1;1;1;1;1;1;1;1;1;1;1;1;1;1;1;1;1;1;1;1;1;1;1;1;1;1
1547006;1;01/12/1970;1;"31,8";"108,6";7;17;1;1;0;"1164,3";1;"0,5";"9,7";"0,0";"0,0";"0,0";"4,8";"31,8";"0,3";"0,0";"1,4";"0,0";"2,6";"0,0";"3,0";"2,7";"2,4";"0,0";"16,5";"5,0";"1,1";"4,2";"0,0";"0,0";"0,0";"0,0";"9,9";"10,4";"0,0";"0,0";"2,3";"0,0";1;1;1;1;1;1;1;1;1;1;1;1;1;1;1;1;1;1;1;1;1;1;1;1;1;1;1;1;1;1;1
1547006;1;01/11/1970;1;"27,8";"122,4";2;20;1;1;0;"1164,3";1;"10,0";"27,8";"2,6";"0,0";"12,6";"1,1";"10,1";"9,5";"2,1";"2,3";"0,0";"0,5";"0,0";"0,0";"0,0";"0,1";"0,0";"0,0";"5,4";"0,0";"11,6";"0,6";"14,4";"2,0";"0,3";"0,0";"0,0";"3,9";"3,8";"1,7";;1;1;1;1;1;1;1;1;1;1;1;1;1;1;1;1;1;1;1;1;1;1;1;1;1;1;1;1;1;1;0
1547006;1;01/10/1970;1;"49,5";"167,9";26;16;1;1;0;"1164,3";1;"0,8";"0,0";"0,0";"10,8";"8,7";"0,0";"0,0";"0,0";"5,5";"0,2";"14,2";"19,5";"0,0";"0,0";"0,0";"0,0";"0,0";"0,0";"0,0";"2,0";"17,0";"5,6";"0,0";"0,0";"14,8";"49,5";"7,4";"0,2";"2,2";"9,5";"0,0";1;1;1;1;1;1;1;1;1;1;1;1;1;1;1;1;1;1;1;1;1;1;1;1;1;1;1;1;1;1;1
1547006;1;01/09/1970;1;"30,6";"75,7";2;9;1;1;0;"1164,3";1;"0,0";"30,6";"14,7";"0,0";"0,0";"0,0";"0,0";"0,0";"0,0";"0,0";"0,0";"0,0";"0,0";"0,0";"0,0";"0,0";"11,6";"0,0";"0,0";"0,0";"0,8";"2,7";"3,1";"0,0";"0,0";"0,0";"0,0";"0,2";"11,1";"0,9";;1;1;1;1;1;1;1;1;1;1;1;1;1;1;1;1;1;1;1;1;1;1;1;1;1;1;1;1;1;1;0
1547006;1;01/08/1970;1;"0,0";"0,0";1;;1;1;0;"1164,3";1;"0,0";"0,0";"0,0";"0,0";"0,0";"0,0";"0,0";"0,0";"0,0";"0,0";"0,0";"0,0";"0,0";"0,0";"0,0";"0,0";"0,0";"0,0";"0,0";"0,0";"0,0";"0,0";"0,0";"0,0";"0,0";"0,0";"0,0";"0,0";"0,0";"0,0";"0,0";1;1;1;1;1;1;1;1;1;1;1;1;1;1;1;1;1;1;1;1;1;1;1;1;1;1;1;1;1;1;1
1547006;1;01/07/1970;1;"0,0";"0,0";1;;1;1;0;"1164,3";1;"0,0";"0,0";"0,0";"0,0";"0,0";"0,0";"0,0";"0,0";"0,0";"0,0";"0,0";"0,0";"0,0";"0,0";"0,0";"0,0";"0,0";"0,0";"0,0";"0,0";"0,0";"0,0";"0,0";"0,0";"0,0";"0,0";"0,0";"0,0";"0,0";"0,0";"0,0";1;1;1;1;1;1;1;1;1;1;1;1;1;1;1;1;1;1;1;1;1;1;1;1;1;1;1;1;1;1;1
1547006;1;01/06/1970;1;"0,0";"0,0";1;;1;1;0;"1164,3";1;"0,0";"0,0";"0,0";"0,0";"0,0";"0,0";"0,0";"0,0";"0,0";"0,0";"0,0";"0,0";"0,0";"0,0";"0,0";"0,0";"0,0";"0,0";"0,0";"0,0";"0,0";"0,0";"0,0";"0,0";"0,0";"0,0";"0,0";"0,0";"0,0";"0,0";;1;1;1;1;1;1;1;1;1;1;1;1;1;1;1;1;1;1;1;1;1;1;1;1;1;1;1;1;1;1;0
1547006;1;01/05/1970;1;"0,0";"0,0";1;;1;1;0;"1164,3";1;"0,0";"0,0";"0,0";"0,0";"0,0";"0,0";"0,0";"0,0";"0,0";"0,0";"0,0";"0,0";"0,0";"0,0";"0,0";"0,0";"0,0";"0,0";"0,0";"0,0";"0,0";"0,0";"0,0";"0,0";"0,0";"0,0";"0,0";"0,0";"0,0";"0,0";"0,0";1;1;1;1;1;1;1;1;1;1;1;1;1;1;1;1;1;1;1;1;1;1;1;1;1;1;1;1;1;1;1
1547006;1;01/04/1970;1;"38,2";"96,3";11;12;1;1;0;"1164,3";1;"0,0";"0,0";"0,0";"0,0";"1,4";"6,9";"0,6";"26,5";"5,2";"0,8";"38,2";"0,0";"0,0";"0,0";"0,0";"0,4";"1,0";"13,0";"0,9";"1,4";"0,0";"0,0";"0,0";"0,0";"0,0";"0,0";"0,0";"0,0";"0,0";"0,0";;1;1;1;1;1;1;1;1;1;1;1;1;1;1;1;1;1;1;1;1;1;1;1;1;1;1;1;1;1;1;0
1547006;1;01/03/1970;1;"37,9";"110,4";1;10;1;1;0;"1164,3";1;"37,9";"33,3";"4,2";"0,0";"13,7";"4,7";"1,0";"0,0";"9,0";"4,8";"0,0";"0,0";"0,0";"0,0";"0,0";"0,0";"0,0";"0,0";"0,0";"0,0";"0,0";"0,0";"0,0";"0,0";"0,0";"0,0";"0,0";"1,0";"0,8";"0,0";"0,0";1;1;1;1;1;1;1;1;1;1;1;1;1;1;1;1;1;1;1;1;1;1;1;1;1;1;1;1;1;1;1
1547006;1;01/02/1970;1;"50,7";"142,5";28;13;1;1;0;"1164,3";1;"2,4";"0,0";"0,0";"0,0";"11,1";"13,6";"0,0";"0,0";"0,0";"0,0";"0,7";"0,0";"0,0";"0,0";"0,0";"0,0";"10,3";"12,1";"0,9";"26,5";"0,0";"0,0";"5,9";"6,9";"0,0";"1,0";"0,4";"50,7";;;;1;1;1;1;1;1;1;1;1;1;1;1;1;1;1;1;1;1;1;1;1;1;1;1;1;1;1;1;0;0;0
1547006;1;01/01/1970;1;"62,0";"340,5";24;24;1;1;0;"1164,3";1;"5,0";"0,0";"0,0";"0,0";"13,1";"34,5";"11,9";"0,2";"0,0";"0,0";"12,8";"0,1";"18,5";"0,0";"4,5";"52,4";"15,0";"17,5";"0,7";"1,5";"21,4";"4,7";"5,1";"62,0";"4,8";"19,7";"23,4";"1,4";"8,9";"1,4";"0,0";1;1;1;1;1;1;1;1;1;1;1;1;1;1;1;1;1;1;1;1;1;1;1;1;1;1;1;1;1;1;1
1547006;1;01/12/1969;1;"43,6";"320,7";2;26;1;1;0;"1258,2";1;"27,6";"43,6";"11,9";"8,3";"9,9";"10,2";"0,0";"0,0";"0,0";"2,9";"16,0";"1,3";"10,3";"0,0";"31,6";"21,5";"3,3";"1,8";"5,4";"2,2";"4,8";"0,0";"0,5";"0,6";"3,9";"6,3";"35,5";"9,5";"5,8";"7,5";"38,5";1;1;1;1;1;1;1;1;1;1;1;1;1;1;1;1;1;1;1;1;1;1;1;1;1;1;1;1;1;1;1
1547006;1;01/11/1969;1;"70,2";"302,1";14;23;1;1;0;"1258,2";1;"0,1";"4,0";"12,0";"10,2";"12,7";"0,3";"0,5";"0,2";"0,2";"4,5";"11,5";"64,5";"18,9";"70,2";"35,8";"0,0";"6,7";"17,2";"0,1";"0,0";"0,0";"0,0";"1,6";"0,0";"0,0";"2,8";"5,7";"10,6";"11,8";"0,0";;1;1;1;1;1;1;1;1;1;1;1;1;1;1;1;1;1;1;1;1;1;1;1;1;1;1;1;1;1;1;0
1547006;1;01/10/1969;1;"38,8";"162,7";19;16;1;1;0;"1258,2";1;"0,0";"0,0";"0,0";"0,0";"6,8";"5,4";"0,0";"0,0";"0,0";"0,0";"38,4";"1,9";"0,0";"12,1";"5,7";"0,0";"10,2";"2,0";"38,8";"10,5";"0,0";"0,0";"0,0";"0,9";"0,0";"2,6";"0,5";"0,0";"3,1";"12,6";"11,2";1;1;1;1;1;1;1;1;1;1;1;1;1;1;1;1;1;1;1;1;1;1;1;1;1;1;1;1;1;1;1
1547006;1;01/09/1969;1;"16,7";"29,4";17;4;1;1;0;"1258,2";1;"0,0";"0,0";"0,0";"0,0";"0,0";"0,0";"0,0";"0,0";"0,0";"0,0";"0,0";"0,0";"0,0";"0,0";"0,0";"0,0";"16,7";"12,2";"0,0";"0,2";"0,3";"0,0";"0,0";"0,0";"0,0";"0,0";"0,0";"0,0";"0,0";"0,0";;1;1;1;1;1;1;1;1;1;1;1;1;1;1;1;1;1;1;1;1;1;1;1;1;1;1;1;1;1;1;0
1547006;1;01/08/1969;1;"0,0";"0,0";1;;1;1;0;"1258,2";1;"0,0";"0,0";"0,0";"0,0";"0,0";"0,0";"0,0";"0,0";"0,0";"0,0";"0,0";"0,0";"0,0";"0,0";"0,0";"0,0";"0,0";"0,0";"0,0";"0,0";"0,0";"0,0";"0,0";"0,0";"0,0";"0,0";"0,0";"0,0";"0,0";"0,0";"0,0";1;1;1;1;1;1;1;1;1;1;1;1;1;1;1;1;1;1;1;1;1;1;1;1;1;1;1;1;1;1;1
1547006;1;01/07/1969;1;"0,0";"0,0";1;;1;1;0;"1258,2";1;"0,0";"0,0";"0,0";"0,0";"0,0";"0,0";"0,0";"0,0";"0,0";"0,0";"0,0";"0,0";"0,0";"0,0";"0,0";"0,0";"0,0";"0,0";"0,0";"0,0";"0,0";"0,0";"0,0";"0,0";"0,0";"0,0";"0,0";"0,0";"0,0";"0,0";"0,0";1;1;1;1;1;1;1;1;1;1;1;1;1;1;1;1;1;1;1;1;1;1;1;1;1;1;1;1;1;1;1
1547006;1;01/06/1969;1;"0,0";"0,0";1;;1;1;0;"1258,2";1;"0,0";"0,0";"0,0";"0,0";"0,0";"0,0";"0,0";"0,0";"0,0";"0,0";"0,0";"0,0";"0,0";"0,0";"0,0";"0,0";"0,0";"0,0";"0,0";"0,0";"0,0";"0,0";"0,0";"0,0";"0,0";"0,0";"0,0";"0,0";"0,0";"0,0";;1;1;1;1;1;1;1;1;1;1;1;1;1;1;1;1;1;1;1;1;1;1;1;1;1;1;1;1;1;1;0
1547006;1;01/05/1969;1;"50,3";"85,7";3;4;1;1;0;"1258,2";1;"0,0";"15,7";"50,3";"19,6";"0,1";"0,0";"0,0";"0,0";"0,0";"0,0";"0,0";"0,0";"0,0";"0,0";"0,0";"0,0";"0,0";"0,0";"0,0";"0,0";"0,0";"0,0";"0,0";"0,0";"0,0";"0,0";"0,0";"0,0";"0,0";"0,0";"0,0";1;1;1;1;1;1;1;1;1;1;1;1;1;1;1;1;1;1;1;1;1;1;1;1;1;1;1;1;1;1;1
1547006;1;01/04/1969;1;"20,5";"64,7";28;7;1;1;0;"1258,2";1;"0,0";"0,0";"0,0";"0,0";"0,0";"0,0";"11,7";"0,0";"17,2";"0,0";"0,0";"0,0";"1,8";"4,4";"0,0";"0,0";"0,0";"0,0";"0,0";"0,0";"0,0";"7,5";"1,6";"0,0";"0,0";"0,0";"0,0";"20,5";"0,0";"0,0";;1;1;1;1;1;1;1;1;1;1;1;1;1;1;1;1;1;1;1;1;1;1;1;1;1;1;1;1;1;1;0
1547006;1;01/03/1969;1;"16,9";"97,2";21;15;1;1;0;"1258,2";1;"0,0";"0,0";"0,0";"14,0";"2,2";"13,2";"2,0";"10,4";"0,7";"0,1";"0,0";"8,4";"7,3";"4,4";"4,1";"1,5";"0,0";"0,0";"0,0";"0,0";"16,9";"3,9";"8,1";"0,0";"0,0";"0,0";"0,0";"0,0";"0,0";"0,0";"0,0";1;1;1;1;1;1;1;1;1;1;1;1;1;1;1;1;1;1;1;1;1;1;1;1;1;1;1;1;1;1;1
1547006;1;01/02/1969;1;"26,7";"140,1";13;17;1;1;0;"1258,2";1;"0,0";"0,0";"0,0";"0,0";"0,0";"4,4";"3,3";"4,5";"6,7";"1,4";"17,1";"0,9";"26,7";"21,2";"3,8";"1,8";"7,6";"0,0";"0,2";"9,7";"14,5";"14,5";"1,8";"0,0";"0,0";"0,0";"0,0";"0,0";;;;1;1;1;1;1;1;1;1;1;1;1;1;1;1;1;1;1;1;1;1;1;1;1;1;1;1;1;1;0;0;0
1547006;1;01/01/1969;1;"24,5";"55,6";28;9;1;1;0;"1258,2";1;"0,0";"0,0";"0,0";"0,0";"0,0";"0,0";"0,0";"0,0";"0,0";"0,0";"0,0";"0,0";"0,0";"0,0";"0,0";"0,0";"0,0";"0,7";"2,2";"1,0";"5,4";"1,2";"7,2";"12,9";"0,0";"0,0";"0,0";"24,5";"0,5";"0,0";"0,0";1;1;1;1;1;1;1;1;1;1;1;1;1;1;1;1;1;1;1;1;1;1;1;1;1;1;1;1;1;1;1
1547006;1;01/12/1968;1;"24,8";"178,6";8;26;1;1;0;"1408,3";1;"2,2";"22,2";"11,7";"4,7";"6,9";"5,2";"23,0";"24,8";"8,3";"2,6";"4,5";"7,5";"0,0";"0,0";"0,0";"0,0";"3,8";"2,6";"3,8";"1,3";"1,0";"1,8";"1,2";"1,7";"20,2";"0,2";"0,4";"0,0";"14,9";"1,6";"0,5";1;1;1;1;1;1;1;1;1;1;1;1;1;1;1;1;1;1;1;1;1;1;1;1;1;1;1;1;1;1;1
1547006;1;01/11/1968;1;"78,4";"313,1";29;19;1;1;0;"1408,3";1;"0,0";"0,0";"0,0";"0,0";"0,0";"0,0";"0,0";"0,0";"0,0";"44,8";"46,1";"10,0";"0,2";"9,8";"7,3";"9,2";"5,5";"1,4";"8,7";"26,3";"5,3";"0,4";"9,9";"0,0";"6,9";"0,0";"12,6";"22,2";"78,4";"8,1";;1;1;1;1;1;1;1;1;1;1;1;1;1;1;1;1;1;1;1;1;1;1;1;1;1;1;1;1;1;1;0
1547006;1;01/10/1968;1;"30,1";"87,0";19;15;1;1;0;"1408,3";1;"3,2";"0,0";"0,0";"0,0";"0,0";"0,0";"0,0";"0,0";"0,0";"0,0";"1,6";"0,0";"8,1";"0,2";"0,1";"0,0";"4,8";"0,5";"30,1";"1,3";"1,2";"0,5";"11,0";"18,0";"0,0";"0,0";"0,1";"6,3";"0,0";"0,0";"0,0";1;1;1;1;1;1;1;1;1;1;1;1;1;1;1;1;1;1;1;1;1;1;1;1;1;1;1;1;1;1;1
1547006;1;01/09/1968;1;"60,9";"81,9";4;5;1;1;0;"1408,3";1;"2,5";"0,5";"15,8";"60,9";"0,0";"0,0";"0,0";"0,0";"0,0";"0,0";"0,0";"0,0";"0,0";"0,0";"0,0";"0,0";"0,0";"0,0";"0,0";"0,0";"0,0";"0,0";"0,0";"0,0";"0,0";"0,0";"0,0";"0,0";"0,0";"2,2";;1;1;1;1;1;1;1;1;1;1;1;1;1;1;1;1;1;1;1;1;1;1;1;1;1;1;1;1;1;1;0
1547006;1;01/08/1968;1;"6,3";"10,5";26;2;1;1;0;"1408,3";1;"0,0";"0,0";"0,0";"0,0";"0,0";"0,0";"0,0";"0,0";"0,0";"0,0";"0,0";"0,0";"0,0";"0,0";"0,0";"0,0";"0,0";"0,0";"0,0";"0,0";"0,0";"0,0";"0,0";"0,0";"4,2";"6,3";"0,0";"0,0";"0,0";"0,0";"0,0";1;1;1;1;1;1;1;1;1;1;1;1;1;1;1;1;1;1;1;1;1;1;1;1;1;1;1;1;1;1;1
1547006;1;01/07/1968;1;"0,0";"0,0";1;;1;1;0;"1408,3";1;"0,0";"0,0";"0,0";"0,0";"0,0";"0,0";"0,0";"0,0";"0,0";"0,0";"0,0";"0,0";"0,0";"0,0";"0,0";"0,0";"0,0";"0,0";"0,0";"0,0";"0,0";"0,0";"0,0";"0,0";"0,0";"0,0";"0,0";"0,0";"0,0";"0,0";"0,0";1;1;1;1;1;1;1;1;1;1;1;1;1;1;1;1;1;1;1;1;1;1;1;1;1;1;1;1;1;1;1
1547006;1;01/06/1968;1;"0,2";"0,2";6;1;1;1;0;"1408,3";1;"0,0";"0,0";"0,0";"0,0";"0,0";"0,2";"0,0";"0,0";"0,0";"0,0";"0,0";"0,0";"0,0";"0,0";"0,0";"0,0";"0,0";"0,0";"0,0";"0,0";"0,0";"0,0";"0,0";"0,0";"0,0";"0,0";"0,0";"0,0";"0,0";"0,0";;1;1;1;1;1;1;1;1;1;1;1;1;1;1;1;1;1;1;1;1;1;1;1;1;1;1;1;1;1;1;0
1547006;1;01/05/1968;1;"14,4";"20,7";14;3;1;1;0;"1408,3";1;"0,0";"0,0";"0,0";"0,0";"0,0";"0,0";"0,0";"0,0";"0,0";"0,0";"5,3";"0,0";"0,0";"14,4";"1,0";"0,0";"0,0";"0,0";"0,0";"0,0";"0,0";"0,0";"0,0";"0,0";"0,0";"0,0";"0,0";"0,0";"0,0";"0,0";"0,0";1;1;1;1;1;1;1;1;1;1;1;1;1;1;1;1;1;1;1;1;1;1;1;1;1;1;1;1;1;1;1
1547006;1;01/04/1968;1;"29,3";"78,9";6;10;1;1;0;"1408,3";1;"0,0";"0,0";"12,3";"3,3";"0,3";"29,3";"3,0";"0,0";"12,0";"3,8";"11,2";"0,0";"0,0";"0,0";"0,0";"0,0";"3,5";"0,0";"0,0";"0,2";"0,0";"0,0";"0,0";"0,0";"0,0";"0,0";"0,0";"0,0";"0,0";"0,0";;1;1;1;1;1;1;1;1;1;1;1;1;1;1;1;1;1;1;1;1;1;1;1;1;1;1;1;1;1;1;0
1547006;1;01/03/1968;1;"74,6";"184,7";3;14;1;1;0;"1408,3";1;"1,1";"10,7";"74,6";"1,4";"3,3";"24,8";"7,6";"4,5";"0,0";"0,0";"0,0";"0,0";"0,0";"0,0";"0,0";"0,8";"1,3";"39,3";"13,1";"0,3";"1,9";"0,0";"0,0";"0,0";"0,0";"0,0";"0,0";"0,0";"0,0";"0,0";"0,0";1;1;1;1;1;1;1;1;1;1;1;1;1;1;1;1;1;1;1;1;1;1;1;1;1;1;1;1;1;1;1
1547006;1;01/02/1968;1;"88,5";"369,9";19;26;1;1;0;"1408,3";1;"5,2";"15,5";"27,6";"2,1";"1,4";"14,8";"21,4";"6,4";"4,7";"0,6";"0,0";"0,0";"3,4";"1,3";"0,3";"9,8";"17,5";"32,7";"88,5";"16,8";"18,8";"17,4";"0,6";"0,6";"7,9";"34,7";"9,3";"10,6";"0,0";;;1;1;1;1;1;1;1;1;1;1;1;1;1;1;1;1;1;1;1;1;1;1;1;1;1;1;1;1;1;0;0
1547006;1;01/01/1968;1;"24,0";"82,8";12;12;1;1;0;"1408,3";1;"0,0";"0,0";"0,0";"6,0";"9,8";"5,0";"7,0";"1,1";"0,0";"8,6";"0,0";"24,0";"11,1";"0,0";"0,0";"0,0";"0,0";"0,0";"0,0";"0,0";"0,0";"0,6";"0,1";"0,0";"0,0";"0,0";"0,0";"0,0";"9,0";"0,0";"0,5";1;1;1;1;1;1;1;1;1;1;1;1;1;1;1;1;1;1;1;1;1;1;1;1;1;1;1;1;1;1;1
1547006;1;01/12/1967;1;"17,1";"94,4";3;23;1;1;0;"1287,1";1;"1,8";"9,3";"17,1";"0,0";"0,0";"0,0";"0,0";"0,0";"0,3";"0,5";"1,0";"4,9";"1,7";"9,7";"11,6";"2,9";"5,3";"2,4";"0,9";"2,8";"3,3";"0,0";"1,0";"1,1";"6,7";"2,3";"5,2";"1,0";"0,0";"0,0";"1,6";1;1;1;1;1;1;1;1;1;1;1;1;1;1;1;1;1;1;1;1;1;1;1;1;1;1;1;1;1;1;1
1547006;1;01/11/1967;1;"59,0";"282,4";30;23;1;1;0;"1287,1";1;"0,0";"0,0";"0,0";"4,4";"33,6";"0,0";"2,5";"2,3";"0,0";"9,0";"1,9";"5,2";"3,8";"0,0";"22,7";"32,3";"5,8";"35,2";"14,2";"6,8";"2,2";"14,2";"0,6";"6,4";"5,3";"4,4";"0,7";"9,9";"0,0";"59,0";;1;1;1;1;1;1;1;1;1;1;1;1;1;1;1;1;1;1;1;1;1;1;1;1;1;1;1;1;1;1;0
1547006;1;01/10/1967;1;"24,7";"74,3";28;11;1;1;0;"1287,1";1;"0,0";"0,0";"0,0";"0,0";"0,0";"0,0";"0,0";"0,0";"7,6";"0,5";"0,0";"0,0";"0,0";"0,0";"0,0";"0,0";"0,0";"0,0";"0,0";"0,0";"0,8";"3,4";"3,4";"4,4";"14,7";"0,1";"11,8";"24,7";"0,0";"2,9";"0,0";1;1;1;1;1;1;1;1;1;1;1;1;1;1;1;1;1;1;1;1;1;1;1;1;1;1;1;1;1;1;1
1547006;1;01/09/1967;1;"45,0";"86,1";9;5;1;1;0;"1287,1";1;"0,0";"0,0";"0,0";"0,0";"0,0";"0,0";"0,0";"17,4";"45,0";"0,0";"0,0";"0,0";"0,2";"0,0";"4,3";"0,0";"0,0";"0,0";"0,0";"0,0";"0,0";"0,0";"0,0";"0,0";"0,0";"0,0";"19,2";"0,0";"0,0";"0,0";;1;1;1;1;1;1;1;1;1;1;1;1;1;1;1;1;1;1;1;1;1;1;1;1;1;1;1;1;1;1;0
1547006;1;01/08/1967;1;"0,0";"0,0";1;;1;1;0;"1287,1";1;"0,0";"0,0";"0,0";"0,0";"0,0";"0,0";"0,0";"0,0";"0,0";"0,0";"0,0";"0,0";"0,0";"0,0";"0,0";"0,0";"0,0";"0,0";"0,0";"0,0";"0,0";"0,0";"0,0";"0,0";"0,0";"0,0";"0,0";"0,0";"0,0";"0,0";"0,0";1;1;1;1;1;1;1;1;1;1;1;1;1;1;1;1;1;1;1;1;1;1;1;1;1;1;1;1;1;1;1
1547006;1;01/07/1967;1;"0,0";"0,0";1;;1;1;0;"1287,1";1;"0,0";"0,0";"0,0";"0,0";"0,0";"0,0";"0,0";"0,0";"0,0";"0,0";"0,0";"0,0";"0,0";"0,0";"0,0";"0,0";"0,0";"0,0";"0,0";"0,0";"0,0";"0,0";"0,0";"0,0";"0,0";"0,0";"0,0";"0,0";"0,0";"0,0";"0,0";1;1;1;1;1;1;1;1;1;1;1;1;1;1;1;1;1;1;1;1;1;1;1;1;1;1;1;1;1;1;1
1547006;1;01/06/1967;1;"3,2";"3,2";11;1;1;1;0;"1287,1";1;"0,0";"0,0";"0,0";"0,0";"0,0";"0,0";"0,0";"0,0";"0,0";"0,0";"3,2";"0,0";"0,0";"0,0";"0,0";"0,0";"0,0";"0,0";"0,0";"0,0";"0,0";"0,0";"0,0";"0,0";"0,0";"0,0";"0,0";"0,0";"0,0";"0,0";;1;1;1;1;1;1;1;1;1;1;1;1;1;1;1;1;1;1;1;1;1;1;1;1;1;1;1;1;1;1;0
1547006;1;01/05/1967;1;"0,6";"1,1";3;2;1;1;0;"1287,1";1;"0,0";"0,0";"0,6";"0,5";"0,0";"0,0";"0,0";"0,0";"0,0";"0,0";"0,0";"0,0";"0,0";"0,0";"0,0";"0,0";"0,0";"0,0";"0,0";"0,0";"0,0";"0,0";"0,0";"0,0";"0,0";"0,0";"0,0";"0,0";"0,0";"0,0";"0,0";1;1;1;1;1;1;1;1;1;1;1;1;1;1;1;1;1;1;1;1;1;1;1;1;1;1;1;1;1;1;1
1547006;1;01/04/1967;1;"49,9";"185,7";13;13;1;1;0;"1287,1";1;"0,0";"0,0";"0,0";"0,0";"19,5";"9,1";"0,0";"0,0";"0,0";"7,7";"20,0";"3,0";"49,9";"9,9";"7,8";"31,5";"14,4";"0,5";"0,0";"0,0";"0,0";"1,2";"0,0";"0,0";"11,2";"0,0";"0,0";"0,0";"0,0";"0,0";;1;1;1;1;1;1;1;1;1;1;1;1;1;1;1;1;1;1;1;1;1;1;1;1;1;1;1;1;1;1;0
1547006;1;01/03/1967;1;"50,2";"168,2";26;14;1;1;0;"1287,1";1;"0,0";"0,0";"0,0";"0,0";"17,8";"0,0";"0,0";"1,0";"30,7";"11,5";"9,0";"0,0";"0,5";"0,0";"10,3";"12,6";"14,3";"5,0";"0,2";"0,0";"0,0";"0,0";"3,7";"0,0";"1,4";"50,2";"0,0";"0,0";"0,0";"0,0";"0,0";1;1;1;1;1;1;1;1;1;1;1;1;1;1;1;1;1;1;1;1;1;1;1;1;1;1;1;1;1;1;1
1547006;1;01/02/1967;1;"48,0";"253,7";4;23;1;1;0;"1287,1";1;"25,3";"0,2";"0,2";"48,0";"7,6";"2,8";"2,8";"3,9";"30,0";"5,4";"8,8";"0,0";"0,5";"34,9";"1,2";"0,7";"0,0";"4,0";"17,1";"0,0";"0,8";"31,7";"0,1";"0,0";"25,0";"0,0";"1,7";"1,0";;;;1;1;1;1;1;1;1;1;1;1;1;1;1;1;1;1;1;1;1;1;1;1;1;1;1;1;1;1;0;0;0
1547006;1;01/01/1967;1;"28,2";"138,0";5;20;1;1;0;"1287,1";1;"0,0";"0,0";"0,0";"1,5";"28,2";"14,2";"10,7";"8,8";"1,1";"7,4";"26,2";"0,0";"0,0";"9,6";"0,0";"5,1";"0,0";"0,3";"0,7";"0,3";"0,0";"0,0";"1,7";"0,4";"0,0";"0,0";"10,0";"8,6";"0,1";"2,5";"0,6";1;1;1;1;1;1;1;1;1;1;1;1;1;1;1;1;1;1;1;1;1;1;1;1;1;1;1;1;1;1;1
1547006;1;01/12/1966;1;"34,1";"236,0";21;22;1;1;0;"1798,0";1;"0,5";"10,5";"0,0";"0,0";"9,8";"0,0";"0,0";"0,0";"0,8";"0,0";"2,7";"9,5";"8,9";"4,8";"0,1";"11,0";"0,0";"27,6";"2,5";"5,2";"34,1";"8,7";"12,4";"9,8";"25,6";"19,3";"22,5";"0,0";"0,0";"4,9";"4,8";1;1;1;1;1;1;1;1;1;1;1;1;1;1;1;1;1;1;1;1;1;1;1;1;1;1;1;1;1;1;1
1547006;1;01/11/1966;1;"50,0";"237,7";18;20;1;1;0;"1798,0";1;"28,8";"1,3";"8,3";"0,0";"1,7";"1,2";"25,2";"13,2";"0,0";"0,0";"1,1";"9,6";"5,7";"0,7";"5,3";"0,0";"0,0";"50,0";"38,5";"15,5";"3,1";"1,6";"0,0";"0,0";"0,0";"0,0";"22,9";"0,0";"1,4";"2,6";;1;1;1;1;1;1;1;1;1;1;1;1;1;1;1;1;1;1;1;1;1;1;1;1;1;1;1;1;1;1;0
1547006;1;01/10/1966;1;"38,7";"160,2";8;21;1;1;0;"1798,0";1;"0,0";"0,0";"0,0";"8,5";"0,0";"0,0";"0,0";"38,7";"1,6";"5,2";"0,5";"33,0";"4,3";"0,0";"0,0";"0,0";"11,1";"3,4";"3,6";"0,8";"1,4";"1,9";"1,5";"1,3";"9,3";"4,3";"3,9";"23,9";"0,9";"1,1";"0,0";1;1;1;1;1;1;1;1;1;1;1;1;1;1;1;1;1;1;1;1;1;1;1;1;1;1;1;1;1;1;1
1547006;1;01/09/1966;1;"40,6";"63,0";29;8;1;1;0;"1798,0";1;"0,0";"0,0";"0,0";"0,0";"0,0";"0,0";"0,0";"0,0";"0,0";"0,0";"0,0";"0,0";"0,0";"0,0";"0,0";"0,0";"0,0";"0,0";"0,3";"9,2";"5,2";"1,0";"0,0";"0,0";"0,0";"0,0";"0,2";"2,8";"40,6";"3,7";;1;1;1;1;1;1;1;1;1;1;1;1;1;1;1;1;1;1;1;1;1;1;1;1;1;1;1;1;1;1;0
1547006;1;01/08/1966;1;"0,0";"0,0";1;;1;1;0;"1798,0";1;"0,0";"0,0";"0,0";"0,0";"0,0";"0,0";"0,0";"0,0";"0,0";"0,0";"0,0";"0,0";"0,0";"0,0";"0,0";"0,0";"0,0";"0,0";"0,0";"0,0";"0,0";"0,0";"0,0";"0,0";"0,0";"0,0";"0,0";"0,0";"0,0";"0,0";"0,0";1;1;1;1;1;1;1;1;1;1;1;1;1;1;1;1;1;1;1;1;1;1;1;1;1;1;1;1;1;1;1
1547006;1;01/07/1966;1;"0,0";"0,0";1;;1;1;0;"1798,0";1;"0,0";"0,0";"0,0";"0,0";"0,0";"0,0";"0,0";"0,0";"0,0";"0,0";"0,0";"0,0";"0,0";"0,0";"0,0";"0,0";"0,0";"0,0";"0,0";"0,0";"0,0";"0,0";"0,0";"0,0";"0,0";"0,0";"0,0";"0,0";"0,0";"0,0";"0,0";1;1;1;1;1;1;1;1;1;1;1;1;1;1;1;1;1;1;1;1;1;1;1;1;1;1;1;1;1;1;1
1547006;1;01/06/1966;1;"0,0";"0,0";1;;1;1;0;"1798,0";1;"0,0";"0,0";"0,0";"0,0";"0,0";"0,0";"0,0";"0,0";"0,0";"0,0";"0,0";"0,0";"0,0";"0,0";"0,0";"0,0";"0,0";"0,0";"0,0";"0,0";"0,0";"0,0";"0,0";"0,0";"0,0";"0,0";"0,0";"0,0";"0,0";"0,0";;1;1;1;1;1;1;1;1;1;1;1;1;1;1;1;1;1;1;1;1;1;1;1;1;1;1;1;1;1;1;0
1547006;1;01/05/1966;1;"26,1";"72,4";14;13;1;1;0;"1798,0";1;"0,0";"0,0";"0,0";"0,0";"0,0";"0,0";"0,0";"0,0";"8,9";"1,2";"0,0";"6,7";"0,6";"26,1";"8,1";"6,2";"0,6";"0,0";"0,0";"0,0";"0,2";"9,3";"3,1";"0,3";"1,1";"0,0";"0,0";"0,0";"0,0";"0,0";"0,0";1;1;1;1;1;1;1;1;1;1;1;1;1;1;1;1;1;1;1;1;1;1;1;1;1;1;1;1;1;1;1
1547006;1;01/04/1966;1;"51,3";"187,5";4;8;1;1;0;"1798,0";1;"16,0";"3,2";"45,4";"51,3";"8,2";"0,0";"0,0";"0,0";"0,0";"0,0";"0,0";"0,0";"0,0";"0,0";"0,0";"0,0";"0,0";"0,0";"0,0";"0,0";"0,0";"0,0";"0,0";"0,0";"0,0";"28,0";"35,0";"0,0";"0,0";"0,4";;1;1;1;1;1;1;1;1;1;1;1;1;1;1;1;1;1;1;1;1;1;1;1;1;1;1;1;1;1;1;0
1547006;1;01/03/1966;1;"47,2";"164,5";12;9;1;1;0;"1798,0";1;"2,0";"4,3";"0,0";"0,0";"0,0";"29,0";"11,7";"20,7";"1,6";"0,0";"0,0";"47,2";"36,3";"0,0";"0,0";"0,0";"0,0";"0,0";"0,0";"0,0";"0,0";"0,0";"11,7";"0,0";"0,0";"0,0";"0,0";"0,0";"0,0";"0,0";"0,0";1;1;1;1;1;1;1;1;1;1;1;1;1;1;1;1;1;1;1;1;1;1;1;1;1;1;1;1;1;1;1
1547006;1;01/02/1966;1;"79,9";"333,5";3;14;1;1;0;"1798,0";1;"35,0";"15,6";"79,9";"14,1";"3,2";"3,6";"18,4";"58,5";"57,1";"2,4";"13,2";"3,2";"0,0";"0,0";"0,0";"0,0";"0,0";"0,0";"0,0";"0,0";"0,0";"0,0";"0,0";"0,0";"0,0";"2,6";"0,0";"26,7";;;;1;1;1;1;1;1;1;1;1;1;1;1;1;1;1;1;1;1;1;1;1;1;1;1;1;1;1;1;0;0;0
1547006;1;01/01/1966;1;"87,7";"343,2";16;20;1;1;0;"1798,0";1;"14,1";"0,8";"0,0";"3,2";"1,9";"0,0";"13,0";"1,3";"16,7";"5,7";"34,4";"20,8";"46,0";"0,0";"1,8";"87,7";"3,5";"0,0";"0,0";"0,0";"0,0";"0,0";"4,7";"28,5";"0,0";"0,0";"0,0";"17,4";"15,1";"6,3";"20,3";1;1;1;1;1;1;1;1;1;1;1;1;1;1;1;1;1;1;1;1;1;1;1;1;1;1;1;1;1;1;1
1547006;1;01/12/1965;1;"31,6";"186,6";31;17;1;1;0;"2316,9";1;"0,0";"0,0";"9,0";"2,6";"22,5";"6,4";"8,2";"4,2";"6,1";"0,0";"0,0";"11,7";"17,1";"1,2";"0,0";"1,5";"7,1";"0,0";"0,0";"0,0";"0,0";"0,0";"0,0";"26,0";"0,0";"13,4";"10,9";"0,0";"7,1";"0,0";"31,6";1;1;1;1;1;1;1;1;1;1;1;1;1;1;1;1;1;1;1;1;1;1;1;1;1;1;1;1;1;1;1
1547006;1;01/11/1965;1;"125,4";"511,2";22;20;1;1;0;"2316,9";1;"0,0";"0,0";"3,8";"0,0";"0,0";"0,0";"0,0";"1,0";"12,5";"0,0";"39,2";"8,3";"30,8";"61,2";"28,2";"4,9";"15,7";"2,1";"25,5";"6,1";"84,1";"125,4";"37,3";"0,0";"0,3";"2,1";"0,4";"22,3";"0,0";"0,0";;1;1;1;1;1;1;1;1;1;1;1;1;1;1;1;1;1;1;1;1;1;1;1;1;1;1;1;1;1;1;0
1547006;1;01/10/1965;1;"70,6";"377,8";14;22;1;1;0;"2316,9";1;"1,1";"3,8";"0,0";"0,0";"0,0";"0,0";"0,0";"0,0";"17,1";"1,8";"2,6";"16,9";"4,0";"70,6";"53,8";"31,4";"17,2";"0,0";"4,7";"0,0";"22,5";"2,8";"11,0";"0,8";"0,0";"50,0";"0,5";"0,4";"9,4";"20,0";"35,4";1;1;1;1;1;1;1;1;1;1;1;1;1;1;1;1;1;1;1;1;1;1;1;1;1;1;1;1;1;1;1
1547006;1;01/09/1965;1;"30,0";"40,9";27;4;1;1;0;"2316,9";1;"0,0";"0,0";"0,0";"0,0";"0,0";"0,0";"0,0";"0,0";"0,0";"0,0";"0,0";"0,0";"0,0";"0,0";"0,0";"0,0";"0,0";"0,0";"0,0";"0,0";"0,0";"0,0";"0,0";"0,0";"1,8";"0,0";"30,0";"8,8";"0,3";"0,0";;1;1;1;1;1;1;1;1;1;1;1;1;1;1;1;1;1;1;1;1;1;1;1;1;1;1;1;1;1;1;0
1547006;1;01/08/1965;1;"0,0";"0,0";1;;1;1;0;"2316,9";1;"0,0";"0,0";"0,0";"0,0";"0,0";"0,0";"0,0";"0,0";"0,0";"0,0";"0,0";"0,0";"0,0";"0,0";"0,0";"0,0";"0,0";"0,0";"0,0";"0,0";"0,0";"0,0";"0,0";"0,0";"0,0";"0,0";"0,0";"0,0";"0,0";"0,0";"0,0";1;1;1;1;1;1;1;1;1;1;1;1;1;1;1;1;1;1;1;1;1;1;1;1;1;1;1;1;1;1;1
1547006;1;01/07/1965;1;"13,9";"33,5";10;5;1;1;0;"2316,9";1;"0,0";"0,0";"0,0";"0,0";"0,0";"2,7";"0,0";"1,4";"0,0";"13,9";"3,3";"0,0";"0,0";"0,0";"0,0";"0,0";"0,0";"0,0";"0,0";"0,0";"0,0";"0,0";"0,0";"0,0";"0,0";"0,0";"0,0";"0,0";"0,0";"0,0";"12,2";1;1;1;1;1;1;1;1;1;1;1;1;1;1;1;1;1;1;1;1;1;1;1;1;1;1;1;1;1;1;1
1547006;1;01/06/1965;1;"10,1";"10,7";23;2;1;1;0;"2316,9";1;"0,0";"0,0";"0,0";"0,0";"0,0";"0,0";"0,0";"0,0";"0,0";"0,0";"0,0";"0,0";"0,0";"0,0";"0,0";"0,0";"0,0";"0,0";"0,0";"0,0";"0,0";"0,0";"10,1";"0,0";"0,0";"0,0";"0,6";"0,0";"0,0";"0,0";;1;1;1;1;1;1;1;1;1;1;1;1;1;1;1;1;1;1;1;1;1;1;1;1;1;1;1;1;1;1;0
1547006;1;01/05/1965;1;"1,6";"1,6";1;1;1;1;0;"2316,9";1;"1,6";"0,0";"0,0";"0,0";"0,0";"0,0";"0,0";"0,0";"0,0";"0,0";"0,0";"0,0";"0,0";"0,0";"0,0";"0,0";"0,0";"0,0";"0,0";"0,0";"0,0";"0,0";"0,0";"0,0";"0,0";"0,0";"0,0";"0,0";"0,0";"0,0";"0,0";1;1;1;1;1;1;1;1;1;1;1;1;1;1;1;1;1;1;1;1;1;1;1;1;1;1;1;1;1;1;1
1547006;1;01/04/1965;1;"63,4";"167,9";19;15;1;1;0;"2316,9";1;"7,8";"0,0";"0,8";"25,0";"0,0";"40,3";"3,4";"0,0";"0,8";"1,0";"7,4";"2,5";"7,5";"1,1";"1,3";"0,0";"0,0";"3,5";"63,4";"0,0";"0,0";"0,0";"0,0";"0,0";"0,0";"0,0";"0,0";"0,0";"2,1";"0,0";;1;1;1;1;1;1;1;1;1;1;1;1;1;1;1;1;1;1;1;1;1;1;1;1;1;1;1;1;1;1;0
1547006;1;01/03/1965;1;"124,6";"418,0";26;20;1;1;0;"2316,9";1;"0,0";"0,0";"0,0";"0,2";"19,7";"37,7";"32,1";"17,1";"0,8";"3,7";"2,2";"74,2";"24,3";"0,0";"3,8";"27,2";"16,6";"0,0";"5,4";"0,0";"4,4";"3,0";"13,7";"0,0";"0,0";"124,6";"0,3";"7,0";"0,0";"0,0";"0,0";1;1;1;1;1;1;1;1;1;1;1;1;1;1;1;1;1;1;1;1;1;1;1;1;1;1;1;1;1;1;1
1547006;1;01/02/1965;1;"57,0";"253,8";25;20;1;1;0;"2316,9";1;"22,9";"6,5";"45,3";"2,5";"0,0";"1,9";"3,1";"18,0";"3,0";"0,0";"22,0";"0,0";"0,0";"9,6";"17,1";"3,7";"1,2";"0,0";"8,0";"0,7";"0,8";"0,0";"0,0";"20,6";"57,0";"1,3";"8,6";"0,0";;;;1;1;1;1;1;1;1;1;1;1;1;1;1;1;1;1;1;1;1;1;1;1;1;1;1;1;1;1;0;0;0
1547006;1;01/01/1965;1;"52,8";"314,9";9;24;1;1;0;"2316,9";1;"30,3";"51,4";"0,0";"2,8";"1,4";"2,1";"3,9";"4,7";"52,8";"6,0";"0,0";"0,0";"0,0";"0,0";"10,0";"0,0";"3,0";"27,5";"0,9";"21,5";"10,5";"1,9";"0,5";"0,2";"23,0";"27,8";"0,4";"0,0";"8,2";"8,6";"15,5";1;1;1;1;1;1;1;1;1;1;1;1;1;1;1;1;1;1;1;1;1;1;1;1;1;1;1;1;1;1;1
1547006;1;01/12/1964;1;"73,0";"284,3";5;18;1;1;0;"1446,8";1;"0,0";"0,0";"0,4";"12,0";"73,0";"37,2";"7,4";"65,1";"1,4";"4,0";"4,9";"0,4";"11,9";"3,0";"0,0";"0,0";"0,0";"0,0";"0,0";"48,1";"0,0";"3,7";"1,0";"5,8";"0,0";"1,0";"0,0";"0,0";"0,0";"4,0";"0,0";1;1;1;1;1;1;1;1;1;1;1;1;1;1;1;1;1;1;1;1;1;1;1;1;1;1;1;1;1;1;1
1547006;1;01/11/1964;1;"33,0";"239,8";14;23;1;1;0;"1446,8";1;"0,8";"12,3";"0,0";"23,3";"3,4";"3,0";"7,2";"5,7";"15,0";"6,4";"0,0";"0,0";"0,0";"33,0";"7,9";"3,3";"0,0";"12,8";"17,7";"23,2";"1,9";"0,4";"8,7";"0,0";"4,4";"10,7";"1,1";"29,2";"8,4";"0,0";;1;1;1;1;1;1;1;1;1;1;1;1;1;1;1;1;1;1;1;1;1;1;1;1;1;1;1;1;1;1;0
1547006;1;01/10/1964;1;"28,1";"156,1";25;22;1;1;0;"1446,8";1;"0,3";"0,0";"0,0";"7,7";"6,5";"2,7";"24,7";"4,9";"0,8";"0,5";"8,0";"6,4";"5,2";"0,0";"7,8";"0,0";"0,0";"0,4";"0,0";"0,4";"0,0";"16,4";"5,6";"1,7";"28,1";"0,0";"7,0";"3,1";"0,0";"11,5";"6,4";1;1;1;1;1;1;1;1;1;1;1;1;1;1;1;1;1;1;1;1;1;1;1;1;1;1;1;1;1;1;1
1547006;1;01/09/1964;1;"22,0";"48,5";29;5;1;1;0;"1446,8";1;"0,0";"0,0";"0,0";"0,0";"0,0";"0,0";"0,0";"0,0";"0,0";"0,0";"0,0";"0,0";"0,0";"0,0";"0,0";"0,0";"0,0";"0,0";"0,0";"0,0";"0,0";"0,0";"0,0";"0,0";"12,4";"6,9";"0,7";"6,5";"22,0";"0,0";;1;1;1;1;1;1;1;1;1;1;1;1;1;1;1;1;1;1;1;1;1;1;1;1;1;1;1;1;1;1;0
1547006;1;01/08/1964;1;"0,0";"0,0";1;;1;1;0;"1446,8";1;"0,0";"0,0";"0,0";"0,0";"0,0";"0,0";"0,0";"0,0";"0,0";"0,0";"0,0";"0,0";"0,0";"0,0";"0,0";"0,0";"0,0";"0,0";"0,0";"0,0";"0,0";"0,0";"0,0";"0,0";"0,0";"0,0";"0,0";"0,0";"0,0";"0,0";"0,0";1;1;1;1;1;1;1;1;1;1;1;1;1;1;1;1;1;1;1;1;1;1;1;1;1;1;1;1;1;1;1
1547006;1;01/07/1964;1;"16,6";"42,5";18;5;1;1;0;"1446,8";1;"0,0";"0,0";"0,0";"0,0";"0,0";"0,0";"0,0";"0,0";"0,0";"0,0";"0,0";"0,0";"0,0";"0,0";"0,0";"0,0";"0,0";"16,6";"11,9";"2,3";"0,0";"0,0";"0,0";"0,0";"11,6";"0,1";"0,0";"0,0";"0,0";"0,0";"0,0";1;1;1;1;1;1;1;1;1;1;1;1;1;1;1;1;1;1;1;1;1;1;1;1;1;1;1;1;1;1;1
1547006;1;01/06/1964;1;"2,6";"2,6";8;1;1;1;0;"1446,8";1;"0,0";"0,0";"0,0";"0,0";"0,0";"0,0";"0,0";"2,6";"0,0";"0,0";"0,0";"0,0";"0,0";"0,0";"0,0";"0,0";"0,0";"0,0";"0,0";"0,0";"0,0";"0,0";"0,0";"0,0";"0,0";"0,0";"0,0";"0,0";"0,0";"0,0";;1;1;1;1;1;1;1;1;1;1;1;1;1;1;1;1;1;1;1;1;1;1;1;1;1;1;1;1;1;1;0
1547006;1;01/05/1964;1;"44,9";"103,8";6;8;1;1;0;"1446,8";1;"4,3";"7,4";"0,0";"0,0";"0,0";"44,9";"0,0";"0,0";"0,0";"0,0";"0,0";"0,0";"3,3";"20,2";"0,0";"0,0";"0,0";"0,0";"6,4";"15,0";"2,3";"0,0";"0,0";"0,0";"0,0";"0,0";"0,0";"0,0";"0,0";"0,0";"0,0";1;1;1;1;1;1;1;1;1;1;1;1;1;1;1;1;1;1;1;1;1;1;1;1;1;1;1;1;1;1;1
1547006;1;01/04/1964;1;"29,6";"45,9";2;6;1;1;0;"1446,8";1;"3,7";"29,6";"0,5";"0,0";"0,0";"0,0";"0,0";"0,0";"0,0";"0,0";"0,0";"0,0";"0,0";"0,0";"0,0";"0,0";"0,0";"0,0";"0,0";"0,0";"0,0";"0,0";"0,0";"0,0";"0,0";"0,2";"10,9";"0,0";"1,0";"0,0";;1;1;1;1;1;1;1;1;1;1;1;1;1;1;1;1;1;1;1;1;1;1;1;1;1;1;1;1;1;1;0
1547006;1;01/03/1964;1;"38,7";"124,2";30;9;1;1;0;"1446,8";1;"0,0";"1,3";"0,0";"0,0";"0,0";"0,0";"0,0";"0,0";"0,0";"0,0";"0,0";"0,0";"0,0";"0,0";"0,0";"4,9";"19,7";"0,0";"17,9";"0,0";"0,0";"0,0";"0,0";"0,0";"0,0";"14,3";"0,2";"18,3";"0,0";"38,7";"8,9";1;1;1;1;1;1;1;1;1;1;1;1;1;1;1;1;1;1;1;1;1;1;1;1;1;1;1;1;1;1;1
1547006;1;01/02/1964;1;"33,0";"180,9";19;20;1;1;0;"1446,8";1;"6,8";"0,0";"2,8";"3,8";"11,4";"18,0";"0,0";"0,0";"0,6";"30,7";"12,0";"5,4";"0,0";"5,0";"23,7";"1,4";"0,0";"5,2";"33,0";"0,7";"10,7";"0,1";"4,5";"0,0";"1,9";"3,2";"0,0";"0,0";"0,0";;;1;1;1;1;1;1;1;1;1;1;1;1;1;1;1;1;1;1;1;1;1;1;1;1;1;1;1;1;1;0;0
1547006;1;01/01/1964;1;"33,2";"218,2";5;28;1;1;0;"1446,8";1;"6,0";"2,0";"0,7";"2,5";"33,2";"1,4";"6,4";"1,7";"4,6";"0,5";"2,8";"6,4";"7,4";"8,7";"18,8";"0,3";"1,1";"3,0";"19,9";"19,6";"6,0";"13,9";"12,2";"0,7";"0,0";"12,9";"0,0";"20,2";"5,2";"0,1";"0,0";1;1;1;1;1;1;1;1;1;1;1;1;1;1;1;1;1;1;1;1;1;1;1;1;1;1;1;1;1;1;1
1547006;1;01/12/1963;1;"57,2";"159,0";21;12;1;1;0;"823,8";1;"0,0";"0,0";"0,0";"0,0";"10,4";"0,0";"0,0";"0,0";"0,0";"0,0";"0,0";"0,0";"0,0";"12,8";"0,0";"1,1";"0,0";"28,5";"1,3";"14,2";"57,2";"3,9";"0,0";"0,0";"0,0";"0,0";"0,0";"0,3";"9,9";"17,1";"2,3";1;1;1;1;1;1;1;1;1;1;1;1;1;1;1;1;1;1;1;1;1;1;1;1;1;1;1;1;1;1;1
1547006;1;01/11/1963;1;"51,2";"118,4";14;10;1;1;0;"823,8";1;"6,7";"1,2";"0,9";"0,2";"0,0";"0,0";"0,0";"0,0";"0,0";"1,2";"32,6";"0,0";"5,3";"51,2";"0,0";"0,0";"18,6";"0,5";"0,0";"0,0";"0,0";"0,0";"0,0";"0,0";"0,0";"0,0";"0,0";"0,0";"0,0";"0,0";;1;1;1;1;1;1;1;1;1;1;1;1;1;1;1;1;1;1;1;1;1;1;1;1;1;1;1;1;1;1;0
1547006;1;01/10/1963;1;"22,9";"42,0";15;6;1;1;0;"823,8";1;"0,0";"0,0";"0,0";"0,0";"0,0";"0,0";"0,0";"0,0";"0,0";"0,0";"0,0";"0,0";"0,0";"0,0";"22,9";"0,0";"0,0";"0,0";"5,9";"0,0";"0,0";"0,0";"0,0";"0,0";"0,0";"0,0";"2,2";"0,1";"0,5";"0,0";"10,4";1;1;1;1;1;1;1;1;1;1;1;1;1;1;1;1;1;1;1;1;1;1;1;1;1;1;1;1;1;1;1
1547006;1;01/09/1963;1;"0,0";"0,0";1;;1;1;0;"823,8";1;"0,0";"0,0";"0,0";"0,0";"0,0";"0,0";"0,0";"0,0";"0,0";"0,0";"0,0";"0,0";"0,0";"0,0";"0,0";"0,0";"0,0";"0,0";"0,0";"0,0";"0,0";"0,0";"0,0";"0,0";"0,0";"0,0";"0,0";"0,0";"0,0";"0,0";;1;1;1;1;1;1;1;1;1;1;1;1;1;1;1;1;1;1;1;1;1;1;1;1;1;1;1;1;1;1;0
1547006;1;01/08/1963;1;"0,0";"0,0";1;;1;1;0;"823,8";1;"0,0";"0,0";"0,0";"0,0";"0,0";"0,0";"0,0";"0,0";"0,0";"0,0";"0,0";"0,0";"0,0";"0,0";"0,0";"0,0";"0,0";"0,0";"0,0";"0,0";"0,0";"0,0";"0,0";"0,0";"0,0";"0,0";"0,0";"0,0";"0,0";"0,0";"0,0";1;1;1;1;1;1;1;1;1;1;1;1;1;1;1;1;1;1;1;1;1;1;1;1;1;1;1;1;1;1;1
1547006;1;01/07/1963;1;"0,0";"0,0";1;;1;1;0;"823,8";1;"0,0";"0,0";"0,0";"0,0";"0,0";"0,0";"0,0";"0,0";"0,0";"0,0";"0,0";"0,0";"0,0";"0,0";"0,0";"0,0";"0,0";"0,0";"0,0";"0,0";"0,0";"0,0";"0,0";"0,0";"0,0";"0,0";"0,0";"0,0";"0,0";"0,0";"0,0";1;1;1;1;1;1;1;1;1;1;1;1;1;1;1;1;1;1;1;1;1;1;1;1;1;1;1;1;1;1;1
1547006;1;01/06/1963;1;"0,0";"0,0";1;;1;1;0;"823,8";1;"0,0";"0,0";"0,0";"0,0";"0,0";"0,0";"0,0";"0,0";"0,0";"0,0";"0,0";"0,0";"0,0";"0,0";"0,0";"0,0";"0,0";"0,0";"0,0";"0,0";"0,0";"0,0";"0,0";"0,0";"0,0";"0,0";"0,0";"0,0";"0,0";"0,0";;1;1;1;1;1;1;1;1;1;1;1;1;1;1;1;1;1;1;1;1;1;1;1;1;1;1;1;1;1;1;0
1547006;1;01/05/1963;1;"1,0";"1,0";4;1;1;1;0;"823,8";1;"0,0";"0,0";"0,0";"1,0";"0,0";"0,0";"0,0";"0,0";"0,0";"0,0";"0,0";"0,0";"0,0";"0,0";"0,0";"0,0";"0,0";"0,0";"0,0";"0,0";"0,0";"0,0";"0,0";"0,0";"0,0";"0,0";"0,0";"0,0";"0,0";"0,0";"0,0";1;1;1;1;1;1;1;1;1;1;1;1;1;1;1;1;1;1;1;1;1;1;1;1;1;1;1;1;1;1;1
1547006;1;01/04/1963;1;"68,9";"131,9";20;11;1;1;0;"823,8";1;"0,0";"0,0";"0,0";"0,0";"0,0";"0,0";"0,0";"0,0";"0,0";"1,2";"10,7";"0,9";"0,3";"4,4";"0,0";"20,9";"0,0";"0,0";"3,7";"68,9";"0,8";"0,0";"0,0";"0,0";"0,0";"0,0";"15,0";"0,0";"5,1";"0,0";;1;1;1;1;1;1;1;1;1;1;1;1;1;1;1;1;1;1;1;1;1;1;1;1;1;1;1;1;1;1;0
1547006;1;01/03/1963;1;"9,4";"14,4";21;4;1;1;0;"823,8";1;"0,0";"0,0";"0,0";"0,0";"0,0";"0,0";"0,0";"0,0";"0,8";"0,0";"0,0";"0,0";"0,0";"0,0";"0,0";"0,0";"0,0";"0,0";"0,0";"0,0";"9,4";"4,0";"0,2";"0,0";"0,0";"0,0";"0,0";"0,0";"0,0";"0,0";"0,0";1;1;1;1;1;1;1;1;1;1;1;1;1;1;1;1;1;1;1;1;1;1;1;1;1;1;1;1;1;1;1
1547006;1;01/02/1963;1;"66,2";"249,9";14;20;1;1;0;"823,8";1;"0,3";"4,6";"17,8";"25,4";"19,2";"17,1";"0,6";"16,7";"9,5";"1,2";"1,3";"19,0";"17,1";"66,2";"20,5";"0,3";"0,3";"0,0";"0,0";"3,2";"6,4";"3,2";"0,0";"0,0";"0,0";"0,0";"0,0";"0,0";;;;1;1;1;1;1;1;1;1;1;1;1;1;1;1;1;1;1;1;1;1;1;1;1;1;1;1;1;1;0;0;0
1547006;1;01/01/1963;1;"45,5";"107,2";5;16;1;1;0;"823,8";1;"0,0";"0,0";"2,4";"4,2";"45,5";"14,2";"4,2";"0,0";"1,0";"0,3";"0,0";"0,0";"0,0";"0,0";"0,3";"0,0";"0,0";"9,7";"0,0";"0,0";"0,0";"8,2";"1,3";"1,4";"13,5";"0,1";"0,0";"0,6";"0,0";"0,0";"0,3";1;1;1;1;1;1;1;1;1;1;1;1;1;1;1;1;1;1;1;1;1;1;1;1;1;1;1;1;1;1;1
1547006;1;01/12/1962;1;"35,7";"231,1";14;27;1;1;0;"1633,4";1;"0,0";"0,0";"2,0";"5,4";"21,6";"15,0";"1,4";"4,3";"10,7";"5,8";"0,8";"6,1";"21,2";"35,7";"16,8";"13,0";"8,2";"3,9";"5,6";"2,7";"1,8";"0,3";"5,8";"0,0";"0,1";"0,8";"5,4";"23,0";"2,1";"0,0";"11,6";1;1;1;1;1;1;1;1;1;1;1;1;1;1;1;1;1;1;1;1;1;1;1;1;1;1;1;1;1;1;1
1547006;1;01/11/1962;1;"48,9";"298,2";29;20;1;1;0;"1633,4";1;"48,8";"8,0";"0,0";"0,2";"6,2";"6,5";"3,2";"3,9";"25,2";"2,0";"0,0";"0,0";"0,0";"0,0";"0,0";"0,0";"0,0";"2,0";"0,0";"9,7";"15,5";"42,4";"7,5";"13,8";"1,7";"0,0";"6,7";"30,0";"48,9";"16,0";;1;1;1;1;1;1;1;1;1;1;1;1;1;1;1;1;1;1;1;1;1;1;1;1;1;1;1;1;1;1;0
1547006;1;01/10/1962;1;"39,8";"212,4";29;18;1;1;0;"1633,4";1;"0,0";"14,9";"25,2";"0,8";"0,0";"0,0";"5,4";"0,0";"0,0";"1,6";"0,5";"12,5";"0,6";"28,0";"0,0";"0,3";"0,0";"0,0";"0,0";"0,0";"25,1";"9,5";"0,0";"0,0";"4,5";"34,6";"1,2";"0,0";"39,8";"3,2";"4,7";1;1;1;1;1;1;1;1;1;1;1;1;1;1;1;1;1;1;1;1;1;1;1;1;1;1;1;1;1;1;1
1547006;1;01/09/1962;1;"45,9";"89,7";26;10;1;1;0;"1633,4";1;"4,1";"0,3";"10,2";"0,0";"0,0";"0,0";"0,0";"0,0";"0,0";"0,0";"0,0";"0,0";"0,0";"0,1";"0,0";"0,0";"0,0";"0,0";"0,0";"0,0";"0,0";"0,0";"0,0";"8,4";"13,0";"45,9";"0,3";"0,0";"1,1";"6,3";;1;1;1;1;1;1;1;1;1;1;1;1;1;1;1;1;1;1;1;1;1;1;1;1;1;1;1;1;1;1;0
1547006;1;01/08/1962;1;"1,1";"1,1";23;1;1;1;0;"1633,4";1;"0,0";"0,0";"0,0";"0,0";"0,0";"0,0";"0,0";"0,0";"0,0";"0,0";"0,0";"0,0";"0,0";"0,0";"0,0";"0,0";"0,0";"0,0";"0,0";"0,0";"0,0";"0,0";"1,1";"0,0";"0,0";"0,0";"0,0";"0,0";"0,0";"0,0";"0,0";1;1;1;1;1;1;1;1;1;1;1;1;1;1;1;1;1;1;1;1;1;1;1;1;1;1;1;1;1;1;1
1547006;1;01/07/1962;1;"0,0";"0,0";1;;1;1;0;"1633,4";1;"0,0";"0,0";"0,0";"0,0";"0,0";"0,0";"0,0";"0,0";"0,0";"0,0";"0,0";"0,0";"0,0";"0,0";"0,0";"0,0";"0,0";"0,0";"0,0";"0,0";"0,0";"0,0";"0,0";"0,0";"0,0";"0,0";"0,0";"0,0";"0,0";"0,0";"0,0";1;1;1;1;1;1;1;1;1;1;1;1;1;1;1;1;1;1;1;1;1;1;1;1;1;1;1;1;1;1;1
1547006;1;01/06/1962;1;"0,5";"0,5";9;1;1;1;0;"1633,4";1;"0,0";"0,0";"0,0";"0,0";"0,0";"0,0";"0,0";"0,0";"0,5";"0,0";"0,0";"0,0";"0,0";"0,0";"0,0";"0,0";"0,0";"0,0";"0,0";"0,0";"0,0";"0,0";"0,0";"0,0";"0,0";"0,0";"0,0";"0,0";"0,0";"0,0";;1;1;1;1;1;1;1;1;1;1;1;1;1;1;1;1;1;1;1;1;1;1;1;1;1;1;1;1;1;1;0
1547006;1;01/05/1962;1;"1,5";"2,4";5;3;1;1;0;"1633,4";1;"0,0";"0,0";"0,8";"0,0";"1,5";"0,0";"0,0";"0,0";"0,0";"0,0";"0,0";"0,0";"0,0";"0,0";"0,0";"0,0";"0,0";"0,0";"0,0";"0,0";"0,0";"0,0";"0,0";"0,0";"0,0";"0,0";"0,0";"0,0";"0,0";"0,1";"0,0";1;1;1;1;1;1;1;1;1;1;1;1;1;1;1;1;1;1;1;1;1;1;1;1;1;1;1;1;1;1;1
1547006;1;01/04/1962;1;"36,7";"94,1";26;12;1;1;0;"1633,4";1;"14,5";"0,2";"0,0";"11,0";"0,0";"0,0";"0,0";"0,0";"0,0";"0,0";"0,0";"0,0";"3,0";"0,0";"0,0";"0,0";"0,0";"0,0";"0,0";"0,0";"7,7";"0,0";"0,1";"0,5";"0,6";"36,7";"6,0";"0,2";"13,6";"0,0";;1;1;1;1;1;1;1;1;1;1;1;1;1;1;1;1;1;1;1;1;1;1;1;1;1;1;1;1;1;1;0
1547006;1;01/03/1962;1;"80,9";"284,2";16;16;1;1;0;"1633,4";1;"0,0";"0,0";"0,0";"0,0";"0,0";"0,8";"41,3";"1,3";"12,7";"39,1";"14,1";"11,3";"5,5";"19,0";"17,6";"80,9";"4,9";"0,4";"0,0";"3,5";"25,8";"6,0";"0,0";"0,0";"0,0";"0,0";"0,0";"0,0";"0,0";"0,0";"0,0";1;1;1;1;1;1;1;1;1;1;1;1;1;1;1;1;1;1;1;1;1;1;1;1;1;1;1;1;1;1;1
1547006;1;01/02/1962;1;"38,9";"170,3";1;21;1;1;0;"1633,4";1;"38,9";"3,4";"1,2";"15,0";"2,3";"2,8";"0,0";"0,0";"0,0";"0,0";"15,7";"5,6";"4,8";"11,7";"0,0";"0,1";"5,9";"17,0";"1,9";"0,0";"9,4";"0,0";"10,2";"4,2";"0,2";"15,4";"1,1";"3,5";;;;1;1;1;1;1;1;1;1;1;1;1;1;1;1;1;1;1;1;1;1;1;1;1;1;1;1;1;1;0;0;0
1547006;1;01/01/1962;1;"51,1";"249,4";24;24;1;1;0;"1633,4";1;"0,0";"11,1";"0,0";"0,0";"3,1";"9,2";"3,5";"10,2";"1,9";"4,9";"25,9";"0,4";"14,9";"1,1";"5,5";"3,2";"1,4";"0,0";"10,0";"1,7";"35,2";"0,0";"5,8";"51,1";"1,2";"0,0";"0,6";"41,3";"0,0";"0,1";"6,1";1;1;1;1;1;1;1;1;1;1;1;1;1;1;1;1;1;1;1;1;1;1;1;1;1;1;1;1;1;1;1
1547006;1;01/12/1961;1;"49,1";"296,3";3;21;1;1;0;"1184,2";1;"16,3";"2,2";"49,1";"0,0";"33,1";"5,2";"13,8";"0,0";"7,1";"23,0";"8,8";"8,3";"23,2";"33,1";"11,6";"7,7";"1,2";"19,1";"0,0";"0,0";"0,0";"0,0";"0,0";"0,0";"0,0";"0,0";"6,6";"1,0";"4,6";"17,5";"3,8";1;1;1;1;1;1;1;1;1;1;1;1;1;1;1;1;1;1;1;1;1;1;1;1;1;1;1;1;1;1;1
1547006;1;01/11/1961;1;"48,1";"123,8";10;8;1;1;0;"1184,2";1;"0,0";"0,0";"14,8";"25,9";"0,9";"0,0";"20,4";"0,0";"0,0";"48,1";"9,0";"0,0";"1,4";"0,0";"3,3";"0,0";"0,0";"0,0";"0,0";"0,0";"0,0";"0,0";"0,0";"0,0";"0,0";"0,0";"0,0";"0,0";"0,0";"0,0";;1;1;1;1;1;1;1;1;1;1;1;1;1;1;1;1;1;1;1;1;1;1;1;1;1;1;1;1;1;1;0
1547006;1;01/10/1961;1;"14,2";"47,7";14;8;1;1;0;"1184,2";1;"0,0";"0,0";"0,0";"0,0";"0,0";"0,0";"0,0";"0,0";"0,0";"2,0";"12,1";"0,4";"0,0";"14,2";"0,0";"0,0";"0,0";"0,0";"0,0";"0,0";"0,0";"0,0";"0,0";"0,0";"0,0";"11,4";"1,6";"1,0";"5,0";"0,0";"0,0";1;1;1;1;1;1;1;1;1;1;1;1;1;1;1;1;1;1;1;1;1;1;1;1;1;1;1;1;1;1;1
1547006;1;01/09/1961;1;"0,0";"0,0";1;;1;1;0;"1184,2";1;"0,0";"0,0";"0,0";"0,0";"0,0";"0,0";"0,0";"0,0";"0,0";"0,0";"0,0";"0,0";"0,0";"0,0";"0,0";"0,0";"0,0";"0,0";"0,0";"0,0";"0,0";"0,0";"0,0";"0,0";"0,0";"0,0";"0,0";"0,0";"0,0";"0,0";;1;1;1;1;1;1;1;1;1;1;1;1;1;1;1;1;1;1;1;1;1;1;1;1;1;1;1;1;1;1;0
1547006;1;01/08/1961;1;"1,0";"1,0";22;1;1;1;0;"1184,2";1;"0,0";"0,0";"0,0";"0,0";"0,0";"0,0";"0,0";"0,0";"0,0";"0,0";"0,0";"0,0";"0,0";"0,0";"0,0";"0,0";"0,0";"0,0";"0,0";"0,0";"0,0";"1,0";"0,0";"0,0";"0,0";"0,0";"0,0";"0,0";"0,0";"0,0";"0,0";1;1;1;1;1;1;1;1;1;1;1;1;1;1;1;1;1;1;1;1;1;1;1;1;1;1;1;1;1;1;1
1547006;1;01/07/1961;1;"0,0";"0,0";1;;1;1;0;"1184,2";1;"0,0";"0,0";"0,0";"0,0";"0,0";"0,0";"0,0";"0,0";"0,0";"0,0";"0,0";"0,0";"0,0";"0,0";"0,0";"0,0";"0,0";"0,0";"0,0";"0,0";"0,0";"0,0";"0,0";"0,0";"0,0";"0,0";"0,0";"0,0";"0,0";"0,0";"0,0";1;1;1;1;1;1;1;1;1;1;1;1;1;1;1;1;1;1;1;1;1;1;1;1;1;1;1;1;1;1;1
1547006;1;01/06/1961;1;"0,0";"0,0";1;;1;1;0;"1184,2";1;"0,0";"0,0";"0,0";"0,0";"0,0";"0,0";"0,0";"0,0";"0,0";"0,0";"0,0";"0,0";"0,0";"0,0";"0,0";"0,0";"0,0";"0,0";"0,0";"0,0";"0,0";"0,0";"0,0";"0,0";"0,0";"0,0";"0,0";"0,0";"0,0";"0,0";;1;1;1;1;1;1;1;1;1;1;1;1;1;1;1;1;1;1;1;1;1;1;1;1;1;1;1;1;1;1;0
1547006;1;01/05/1961;1;"33,2";"118,6";5;8;1;1;0;"1184,2";1;"0,0";"0,0";"0,9";"0,0";"33,2";"2,0";"6,3";"25,2";"18,8";"2,2";"0,0";"0,0";"0,0";"0,0";"0,0";"0,0";"0,0";"0,0";"0,0";"30,0";"0,0";"0,0";"0,0";"0,0";"0,0";"0,0";"0,0";"0,0";"0,0";"0,0";"0,0";1;1;1;1;1;1;1;1;1;1;1;1;1;1;1;1;1;1;1;1;1;1;1;1;1;1;1;1;1;1;1
1547006;1;01/04/1961;1;"18,1";"39,1";28;9;1;1;0;"1184,2";1;"1,2";"0,0";"0,0";"2,1";"1,7";"3,2";"0,0";"0,0";"0,0";"0,0";"0,0";"0,0";"0,0";"0,0";"0,0";"0,0";"0,0";"0,0";"0,0";"0,0";"0,0";"0,0";"0,0";"0,0";"0,0";"5,4";"2,4";"18,1";"3,8";"1,2";;1;1;1;1;1;1;1;1;1;1;1;1;1;1;1;1;1;1;1;1;1;1;1;1;1;1;1;1;1;1;0
1547006;1;01/03/1961;1;"29,0";"61,7";7;8;1;1;0;"1184,2";1;"0,0";"5,2";"22,4";"2,1";"1,0";"0,0";"29,0";"1,2";"0,0";"0,0";"0,0";"0,0";"0,0";"0,0";"0,0";"0,0";"0,7";"0,0";"0,1";"0,0";"0,0";"0,0";"0,0";"0,0";"0,0";"0,0";"0,0";"0,0";"0,0";"0,0";"0,0";1;1;1;1;1;1;1;1;1;1;1;1;1;1;1;1;1;1;1;1;1;1;1;1;1;1;1;1;1;1;1
1547006;1;01/02/1961;1;"51,3";"171,7";18;13;1;1;0;"1184,2";1;"0,0";"0,0";"0,0";"0,0";"0,0";"0,0";"0,0";"0,0";"3,0";"2,4";"0,0";"0,0";"28,9";"2,6";"2,0";"1,6";"12,2";"51,3";"0,9";"16,1";"9,5";"0,0";"0,0";"0,7";"40,5";"0,0";"0,0";"0,0";;;;1;1;1;1;1;1;1;1;1;1;1;1;1;1;1;1;1;1;1;1;1;1;1;1;1;1;1;1;0;0;0
1547006;1;01/01/1961;1;"100,7";"324,3";11;23;1;1;0;"1184,2";1;"18,2";"16,2";"20,0";"0,0";"0,0";"1,2";"16,5";"0,3";"0,0";"14,6";"100,7";"3,1";"9,0";"12,2";"18,6";"0,0";"0,0";"0,0";"0,0";"0,4";"0,4";"6,5";"2,2";"4,5";"8,3";"21,2";"11,5";"2,9";"0,0";"31,0";"4,8";1;1;1;1;1;1;1;1;1;1;1;1;1;1;1;1;1;1;1;1;1;1;1;1;1;1;1;1;1;1;1
